:020000040800F2
:10000000B02D0020910300088D660008B95F00083C
:100010008966000891190008A18C00080000000002
:10002000000000000000000000000000896B0008D4
:10003000211A000800000000D56600088D6B00083A
:10004000AB030008AB030008AB030008AB030008D8
:10005000AB030008AB030008AB030008AB030008C8
:10006000AB030008AB030008AB030008AB030008B8
:10007000AB030008AB030008AB030008AB030008A8
:10008000AB030008AB0300087D160008AB030008B3
:10009000498B0008AB030008AB030008AB03000862
:1000A000AB030008296C0008AB030008AB03000891
:1000B000AB030008356C0008AB030008AB03000875
:1000C000AB030008AB030008AB0300086D6B00082E
:1000D000AB030008AB030008AB030008AB03000848
:1000E000AB030008AB030008AB030008AB03000838
:1000F000AB030008AB030008AB030008AB03000828
:10010000AB030008AB030008AB030008AB03000817
:10011000AB030008AB030008AB030008AB03000807
:10012000AB030008AB030008AB030008AB030008F7
:10013000AB030008AB030008AB030008AB030008E7
:10014000AB030008AB030008AB030008AB030008D7
:10015000AB030008AB030008AB030008AB030008C7
:10016000AB030008AB030008AB030008AB030008B7
:10017000AB030008AB030008AB030008AB030008A7
:10018000AB030008AB030008AB030008AB03000897
:10019000AB03000800000000AB030008AB0300083D
:1001A000AB030008AB030008AB030008AB03000877
:1001B000AB030008AB030008AB030008AB03000867
:1001C000AB030008AB030008AB030008AB03000857
:1001D000AB030008AB03000800F002F800F0C8F819
:1001E00014A696E8000CB244B344DA4501D100F0FD
:1001F000BFF8BAE80F000FA696E83000A5EB04059B
:1002000004EB0607AAEB0704A7F101074FEA15154F
:100210004FEA3414A4F10104AC4201D300F0A8F871
:1002200013F0010F18BFFB1A43F0010300F001F8AF
:10023000DBE7184734B2000054B200000A444FF024
:10024000000C10F8013B13F0070408BF10F8014B35
:100250001D1108BF10F8015B641E05D010F8016B7A
:10026000641E01F8016BF9D113F0080F1EBF10F8DE
:10027000014BAD1C0C1B09D16D1E58BF01F801CB01
:10028000FAD505E014F8016B01F8016B6D1EF9D584
:100290009142D6D37047000070470000002300242D
:1002A00000250026103A28BF78C1FBD8520728BF86
:1002B00030C148BF0B6070476E2900F0E1817029A2
:1002C00000F0258366290AF0C88765290AF0C587EA
:1002D00067290AF0C28761290AF0C18703681B0AEF
:1002E00028BF41F08001692900F08E81642900F067
:1002F0008B81752900F088816F2900F0B3827829FD
:1003000000F0F182E92900F04D82E42900F04A82F0
:10031000F52900F04782EF2900F0B082F82900F0BB
:10032000F0820368DB0928BF41F08001632901F0F6
:100330002780732901F02C80E32901F03780F3290D
:1003400001F03C80002070471FB50AF0FAFE01F072
:100350008FF80400002000210AF0A6FB401C60601A
:10036000002000210AF08AFBE0601FBD10B510BD1F
:1003700001F050F81146FFF7E7FF08F071FD01F0BA
:100380002DF903B4FFF7F2FF03BC01F06FF9000091
:100390000948804709480047FEE7FEE7FEE7FEE719
:1003A000FEE7FEE7FEE7FEE7FEE7FEE70448054955
:1003B000054A064B70470000156C0008D90100087B
:1003C000B0270020B02D0020B0290020B029002047
:1003D0007CB51D4616460C00009007D04142A14254
:1003E00002D32044401E01E04FF0FF30064B7B4417
:1003F0002A4669460190304600F05BF9002C02D095
:10040000009A002111707CBDE7020000032A40F22F
:10041000308010F0030C00F0158011F8013BBCF1A6
:10042000020F624498BF11F801CB00F8013B38BFBE
:1004300011F8013BA2F1040298BF00F801CB38BFCC
:1004400000F8013B11F0030300F03083083AC0F0DC
:10045000088051F8043B083A51F804CBA0E8081092
:10046000F5E7121D5CBF51F8043B40F8043BAFF3C5
:100470000080D20724BF11F8013B11F801CB48BF1F
:1004800011F8012B24BF00F8013B00F801CB48BF55
:1004900000F8012B70474FF000020429C0F01280D1
:1004A00010F0030C00F01B80CCF1040CBCF1020F27
:1004B00018BF00F8012BA8BF20F8022BA1EB0C01FC
:1004C00000F00DB85FEAC17C24BF00F8012B00F8F2
:1004D000012B48BF00F8012B70474FF0000200B518
:1004E000134694469646203922BFA0E80C50A0E857
:1004F0000C50B1F12001BFF4F7AF090728BFA0E805
:100500000C5048BF0CC05DF804EB890028BF40F8D0
:10051000042B08BF704748BF20F8022B11F0804F12
:1005200018BF00F8012B704770477047704710B52F
:1005300000F0EEFA006810BD10B5044600F0E8FACD
:10054000046010BD70B5044685690068C10601D518
:10055000302600E02026C00707D070BDD4E9012175
:1005600030469047206A401C20626D1EF6D570BD53
:1005700070B5044685690078C00707D170BDD4E91D
:10058000012120209047206A401C20626D1EF6D574
:1005900070BD09684A0501D540B27047C905FCD550
:1005A00000B2704709684A0501D5C0B27047C90555
:1005B000FCD580B2704770B50C460546012A05D0BF
:1005C0002878800600D5EA69002302E0012305E0CF
:1005D0005B1C934202D2E05C0028F9D1A869E618BE
:1005E000C01AA861286A184428622846FFF7AAFFA3
:1005F00004E0D5E9012114F8010B9047B442F8D387
:100600002846FFF7B5FF70BD2DE9F04106460024EE
:1006100010687529314616A510D0FFF7BAFF0028DB
:1006200002DA404213A507E031688A0701D512A516
:1006300002E0490704D511A5012401E0FFF7B2FF4C
:1006400000210A2206F1240709E0B0FBF2FCB0FB0E
:10065000F2F302FB1C00303078541846491C002885
:10066000F3D123462A463046BDE8F04100F099BA5E
:10067000000000002D0000002B0000002000000002
:1006800011680268006A530501D508700AE0D305B5
:1006900001D5088006E0130603D5C217C1E90002A0
:1006A00000E008600120704701694A1C0261087877
:1006B000704700B58FB0CDE90131002105910549A2
:1006C0007944CDE903101146684600F02BF90FB0CC
:1006D00000BD0000E5FFFFFFD1E900239A4202D2EE
:1006E000531C0B60107070472DE9FF5F15468A465A
:1006F0000446DFF8AC80F8440027D8E900103E46F5
:10070000CDE9001010E03AF816106A4602A800F091
:1007100059FE411C07D02178890603D5E2693918B2
:1007200091420DD80744761C2078800602D5E069F6
:10073000B84205DDAE42E6DB3AF816000028E2D109
:10074000A069C01BA0612046FFF7FCFED8E900109D
:10075000CDE90010002017E03AF818106A4602A808
:1007600000F030FEB0F1FF3F81460BD000250DF1C7
:10077000080B05E0D4E901211BF8050090476D1C2A
:100780004D45F7D308F10100B0428046E4DB206A12
:10079000384420622046FFF7EBFEBDE8FF9F0000D3
:1007A0006AAB00002DE9F0418046D21D22F007021D
:1007B0000025D2E90002F52915A614D0011E72F118
:1007C000000106DA0023D0EB030063EB020211A65E
:1007D00008E0D8F800108B0701D50FA602E0490702
:1007E00001D50EA601251146002408F1240704E0D6
:1007F00000F092F930323A55641C50EA0102F7D108
:100800002B46324621464046BDE8F04100F0C9B9CA
:10081000000000002D0000002B0000002000000060
:1008200030B4002100F1240408E002F00705D208EA
:10083000303542EA4372DB086554491C52EA03052D
:10084000F3D10468002310A2250708D504F0200482
:100850000C4304D0C46901230CA2641EC46130BCE3
:1008600000F09FB910B5044621461068FFF79AFEC4
:1008700002462046BDE810400023D1E7D21D22F0F9
:100880000701D1E90023CBE70000000030000000A1
:10089000F0B40D460188090502D5214C7C4402E0E4
:1008A0001F4C7C440E34002100F1240608E002F0C5
:1008B0000F071209E75D42EA03721B097754491CCE
:1008C00052EA0307F3D102780023120704D5702DF2
:1008D00006D009B1022311342246F0BC00F061B900
:1008E00001231034F8E770B504460D462146106820
:1008F000FFF758FE024629462046BDE87040002317
:10090000C6E7D21D22F00703D3E90023C0E703683E
:10091000126843F0200303600823C3610023B7E794
:10092000CCA900002DE9F05F894604464FF0000A8B
:10093000DFF874B1FB44C0F820A02046E168884786
:10094000002874D0252806D0D4E901219047206AD8
:10095000401C2062F1E700265F462046E168884798
:100960002028054607DB312D05D2781910F8200C18
:1009700008B10643F1E7B00701D526F00406C4F834
:100980001CA00027C4F818A02A2D09D028460AF078
:100990006DF838B304EB8708303DC8F8185019E0FB
:1009A00059F8041B204604EB87029161E1688847EF
:1009B000012F054618D1E069002820DA26F020062C
:1009C0001DE0D8F8180000EB800005EB400030383F
:1009D000C8F818002046E168884705460AF046F83E
:1009E0000028EED1012F0AD02E2D08D12046E16833
:1009F00088477F1C0546022F46F02006C4DBA0690D
:100A0000002803DA404246F00106A061F00701D059
:100A100026F010066C2D0BD0682D09D04C2D39D046
:100A20006A2D35D0742D35D07A2D33D016E038E0CC
:100A3000E1682F4620468847B842054609D16C2F09
:100A400026D04FF48060E16806432046884705467B
:100A500004E06C2F1AD04FF4807006430DB3A5F15B
:100A60004100192802D8203546F400664A46294636
:100A7000204626604E46FFF71FFC80B101280BD0B0
:100A8000F61D26F0070000F1080956E74020E4E7CC
:100A90008020D8E70020D6E706F104094DE7284674
:100AA00052E7206ABDE8F09F5CA9000010B5203A2B
:100AB000C0F00B80B1E81850A0E81850B1E8185009
:100AC000A0E81850203ABFF4F5AF5FEA027C24BFDB
:100AD000B1E81850A0E8185044BF18C918C0BDE8C4
:100AE00010405FEA827C24BF51F8043B40F8043B8D
:100AF00008BF7047D20728BF31F8023B48BF11F842
:100B0000012B28BF20F8023B48BF00F8012B70479B
:100B100000487047B001002030B5B0F10A0271F111
:100B200000034FEA900E4EEA817EB0EB0E0061EBBF
:100B300091014FEA101E4EEA017E10EB0E0041EBD0
:100B400011114FEA102E4EEA016E10EB0E0041EB30
:100B500011214FEA104E4EEA014E10EB0E0041EB10
:100B60001141401841F100014FEAD00040EA4170C4
:100B70004FEAD1014FEA810444EA907410EB8005FA
:100B800044EB01046D1944EB0404521BA3414FF0E4
:100B9000000348BF0A3200D530BD401C41F10001BE
:100BA00030BD2DE9F0470D4699469246044600F1C6
:100BB00024080168880604D5E06921F0100121604D
:100BC00000E00120A84201DD471B00E00027A169E9
:100BD0007A1902EB0900081AA0612078C00602D435
:100BE0002046FFF7AFFC002608E0D4E901211AF8FF
:100BF00006009047206A401C761C20624E45F4DBBC
:100C00002078C0060AD52046FFF79CFC06E0D4E910
:100C1000012130209047206A401C2062381EA7F135
:100C20000107F4DC07E0D4E9012118F8050090473A
:100C3000206A401C2062281EA5F10105F3DC204635
:100C4000FFF796FC2078000602D50220BDE8F08769
:100C50000120FBE72DE9FF4F0C461E464FF0FF3702
:100C60008BB0D2E90001DDF860800A908A46C1F3BA
:100C70000A5505B93D46002108464FF00000BAF17B
:100C8000000F00F4400005DA00EB80004FF4400153
:100C900001EA50004FEA9059B9F1010F00DDB94661
:100CA0000A9850EA4A000ED044F61050A5F2FF35DB
:100CB00045432F14B8F1000F1ED07542291E1EDDCA
:100CC000C9F100021CE0B8F1010F4FF0000001D0A3
:100CD000302103E0F24305E02154401CB042FBDB2D
:100CE00030460022002121540B99C1F80880C1E947
:100CF00000200FB0BDE8F08FBD1B6D1CDEE74A463B
:100D000000DA694206A800F0F7FB06AB93E807009B
:100D100003AB83E8070050460A9909F02DF88DE8E7
:100D20000700A0F500501F3800900398002D0ADD41
:100D300042F21F014A460844002303A90390684673
:100D400009F096FA09E0A0F500504A461F38002342
:100D500003A90390684609F0A0FA8DE80700000493
:100D6000000C03D04FF0FF30410800E01046B8F10E
:100D7000000F03D00022009215461EE0751E05D418
:100D8000FFF7CAFE303262556D1EF9D5B346012217
:100D9000084302D000227F1C04E02078302801D1D3
:100DA00000227F1E002A099784D01DE0112D07DA4A
:100DB000FFF7B2FE303262556D1C50EA0102F5D1E8
:100DC000084302D00098C8B10EE00021681E05E07B
:100DD000235C625C63542254401E491C8142F7DB51
:100DE000AB46A81B401E0990002004F80B000B988E
:100DF000099AC0F80880C0E9002B7AE711264FF065
:100E0000000857E72DE9F04F88460446D21D22F02E
:100E1000070191B0D1E90001CDE90A0109F074FBA5
:100E200002460B98C00F01D02D2007E020688107F3
:100E300001D52B2002E0202101EAC000032A0990FD
:100E400001D0072A05DB03464146204600F014FB8B
:100E50000BE12078800601D5E06900E00620B8F1BA
:100E6000650F814606D0B8F1660F18D0B8F1670F4C
:100E700070D131E00020B9F1110F009001DB112396
:100E800001E009F101030AAA01A90CA8FFF7E2FE9B
:100E9000DDE90C70002609F10105834647E00120D9
:100EA0004B4600904FF000470AAA01A90CA8FFF793
:100EB000D1FEDDE90DB00C995D46002610B909F1AF
:100EC00001000D18B9EB050003D4C0F1FF3609F19C
:100ED0000105A5EB09002BE0B9F1010F01DA4FF094
:100EE00001090020B9F1110F0090484601DD1123DE
:100EF00000E003460AAA01A90CA8FFF7ABFEDDE952
:100F00000C704D4600268346207800070AD4AB4576
:100F100000DA5D4601A8012D04DD411911F8011C1C
:100F2000302907D04F4502DA17F1040F04DA012007
:100F300082460FE06D1EEEE7002F02DCED1B3E4403
:100F400003E0781CA84200DD7D1CB81B00F1010AFB
:100F50004FF000472078000703D4AA4501DB4FF08B
:100F6000FF3A0021B7F1004F0DF143088DF843100F
:100F700024D002202B23002F01DA7F422D230A21C7
:100F8000021EA0F1010000DC5FB197FBF1FC97FBB2
:100F9000F1F201FB1C7C17460CF1300C08F801CD76
:100FA000EEE7A8F1010003702188090501D545216C
:100FB00000E06521A0F1010800F8011C09980FA9C3
:100FC000A1EB0807FF1D00B10120411901EBEA70F8
:100FD000A1693844081A401EA0612078C00602D4D6
:100FE0002046FFF7AFFA099828B1D4E901219047CC
:100FF000206A401C20622078C00622D52046FFF7D8
:10100000A1FA1EE0002E04DBB34502DD01A8805DDD
:1010100000E03020D4E901219047206A401C206282
:10102000761CAAF101005FEA000A0AD100F020FA5A
:10103000C0680168405CD4E901219047206A401CE7
:101040002062281EA5F10105DCDC07E0D4E90121BE
:1010500018F8010B9047206A401C2062381EA7F147
:101060000107F3DC2046FFF783FA032011B041E6C5
:101070002DE9F04F04460D46D21D22F0070089B03D
:10108000D0E900974846394609F03EFA0246F80F83
:1010900001D02D2307E02068810701D52B2302E032
:1010A000202101EAC0038DF820300BB1012000E0BF
:1010B0000020032A824601D0072A04DB2946204665
:1010C00000F0DAF93FE12078800601D40D2500E038
:1010D000E569C7F30A560D2D49DA00214FEA175B7F
:1010E00008464FF00000002F00F4400007DA00EB44
:1010F00080004FF4400100EBD07001EA60008115E0
:10110000012901DD4FF0FF3100224FEA850CBCF1CF
:10111000180F06D31346ACF118004FF08052C240AE
:1011200003E04FF4801323FA0CF30CF10C0CBCF128
:10113000200F04D3ACF1200C09FA0CF001E007FAFF
:101140000CF000294FF0004801DD18B90FE00ED176
:1011500040450CD319EB02095F4121B9404502D14A
:101160009F4329EA0209BBEB175F00D0761C208859
:10117000000502D57B48784402E07A487844193863
:1011800008AA302302F80A30037C0AF10101002E7C
:101190000AF1020A53546A4602DC4FF0300101E0C2
:1011A0004FF031014FF001088DF8001002D0A6F287
:1011B000FF3603E059EA470100D06B4E002D02DCF8
:1011C0002178090704D54FF002082E218DF801106F
:1011D000C44600210BE0C7F303433F01C35C491C35
:1011E0006D1E02F80830052908F1010801DA002D0A
:1011F000F1DC00210CE000EB1973491C1B786D1E1B
:10120000082902F808304FEA091908F1010801DA43
:10121000002DF0DC21688B0602D516E0A8F101084C
:10122000E04505DD02EB080313F8013C302BF5D057
:10123000B8F1000F09DD02EB080313F8013C2E2B77
:1012400003D1090701D4A8F10108002D05DD3E21D5
:1012500002F808106D1E08F10108407C002E02F80B
:10126000080008F1010804DA2D20764202F808008F
:1012700002E02B2002F808000A214FF47A7086421F
:1012800008F101080BDB96FBF0F3303302F808306D
:1012900096FBF0F308F1010800FB136601E0642EF1
:1012A0000CDB642096FBF0F3303302F8083096FB39
:1012B000F0F308F1010800FB136601E00A2E06DBDB
:1012C00096FBF1F0303002F8080008F1010896FBB7
:1012D000F1F001FB1060303002F80800A16908F15C
:1012E000010808EB050202EB0A00081AA061207849
:1012F000C00602D42046FFF725F9216A08AE01EBAB
:101300000A00206204E0D4E9012116F8010B90479D
:10131000BAF1010AF7D22078C00602D52046FFF7BD
:1013200011F96E4609E016F8010B3E280FD0D4E9FA
:1013300001219047206A401C2062B8F10108F2D2D6
:101340002046FFF715F909B00320BDE8F08F206AA9
:101350002844206203E0D4E90121302090476D1E2B
:10136000EBD3F8E761A1000002FCFFFF10B5436971
:1013700013B1AFF3008001E0FFF71DF9012010BDAC
:10138000127800F124010A7000224A700122EDE770
:1013900011684FF0FF32E9E710B5436913B1AFF3BD
:1013A000008001E0FFF7A0F9012010BD128800F1D4
:1013B000240182840022C2840122EDE711684FF0EB
:1013C000FF32E9E72DE9F04116460C46054600F0EC
:1013D00047F8036893F80101012807D0FF2C12D8C1
:1013E000185D80B101202C70BDE8F081D3F80701B1
:1013F0003246214603F20713C7182846BC46BDE80B
:10140000F041002360474FF0FF30EDE700487047A0
:10141000B00100207546FFF7F9FFAE4605006946AA
:10142000534620F00700854618B020B5FEF7BEFFF2
:10143000BDE820404FF000064FF000074FF00008D5
:101440004FF0000BAC46ACE8C009ACE8C009ACE812
:10145000C009ACE8C00921F007018D4670470000C3
:1014600010B500F005F8001D10BD00BF3D9600004E
:1014700000487047D00100202DE9F0411F46044686
:1014800003260168072A01F4006004DB08B116A5F1
:1014900005E016A503E008B115A500E015A521F0AB
:1014A00010002060A069C01EA0610FB1401EA061A5
:1014B0002046FFF747F84FB1D4E90121384690475D
:1014C000206A401C2062C01C206206E0206AFAE705
:1014D000D4E9012115F8010B9047761EF8D2204679
:1014E000FFF746F8BDE8F0814E414E006E616E0098
:1014F000494E4600696E66002DE9F0478146164662
:101500008AB0354878440DC88DE80D0032487844DB
:10151000801C03AC0DC884E80D0041F69B300844E4
:10152000372190FBF1F290FBF1F5A5F1800501FB6D
:1015300012041B3C02D56442012000E00020DFF8C9
:1015400098A080460027FA44AAF1BE0A0EE0E00700
:101550000AD03246684607EB470101230AEB8101B6
:1015600008F09BFE8DE8070064107F1C002CEED174
:10157000194F7F44AE3F19E0E80715D007EB041080
:101580000DF1180A90E80E008AE80E00C068F042DB
:1015900001D1981908903246012306A903A808F042
:1015A0007CFE03AB83E807006D10641C002DE3D1C3
:1015B0004FF0010332466946B8F1000F03A802D08C
:1015C00008F056FE01E008F068FEC9E90001C9F81C
:1015D00008200AB0BDE8F087649E000010B50446FC
:1015E000AFF300802046BDE81040FEF7CABE000001
:1015F00030B44FF0013C50F8042B51F8043BCCFAC6
:1016000052F4D51A20D1FCB950F8042B51F8043B00
:10161000CCFA52F4D51A17D1B4B950F8042B51F8BA
:10162000043BCCFA52F4D51A0ED16CB950F8042B05
:1016300051F8043BCCFA52F4D51A05D1002CDAD07B
:1016400030BC4FF00000704729BAB1FA81F111F0B7
:101650001801D1F120008440F2D1CA40CB4012F0F1
:10166000FF0213F0FF0330BCD01A70470149182065
:10167000ABBEFEE7260002007047000041F6007096
:10168000C2F2000001F02EB870B52DED028B84B0CF
:1016900041F6007440F210261025C2F20004C2F296
:1016A000000600BF012001F069FB2046092100F07F
:1016B000CFFC3080204640F20F1100F0C9FC708052
:1016C000204640F2152100F0C3FC3188F2883389AE
:1016D0000A447188B08019447389013D1844F2802E
:1016E00031817081DED112B200EE102A9FED1A1AFC
:1016F000B8EEC00A20EE010A09B286ED040A00EE37
:10170000101AB8EEC00A20EE010A00B286ED050AF2
:1017100000EE100AB8EEC00A20EE010A86ED060AB5
:10172000306909F09DFC044670690D4609F098FC8B
:1017300041EC180BB06909F093FC41EC100B07A0C9
:1017400022462B468DED008B8DED020B07F04CFCF5
:1017500004B0BDEC028B70BD0000803D49615F6F3D
:101760006666736574203D2025662C2049625F6F94
:101770006666736574203D2025662C2049635F6F83
:101780006666736574203D2025660D0A0000000022
:1017900070B582B004460020019021688A68D207A3
:1017A00011D14FF6C076C7F6FF76886806F17F0242
:1017B00010420BD0E06D40F01000E065206E40F06C
:1017C00001002066012002B070BD00BF88684FF4A0
:1017D000C162304040F00100886040F20010C5F264
:1017E0000000814208BF4FF40272B1F1A04F08BF60
:1017F0004FF402721058000222D401F0C1FB21689C
:101800000A68D20718D1054603E000BF0868C00780
:1018100012D18868C00704D18868304040F00100C8
:10182000886001F0ADFB401B21680328EED30868F7
:10183000C007EBD1BEE700BF002002B070BD00BF03
:1018400040F22800C2F20000006842F663518009AD
:10185000C0F23E51A0FB0101880900EB40000C21C1
:1018600001EB8000019001980028C6D00198013852
:10187000019001980028C0D001980138019001988A
:101880000028BAD001980138019001980028B4D0FE
:1018900001980138019001980028E7D1ADE70000D8
:1018A000032884BFE12070475FEA016C04BFE32096
:1018B000704710B540F2F43EC2F2000E0EEB001479
:1018C00000014EF80010201DDDF808C080E80C1063
:1018D000002010BD10B582B048F6216246F23103F7
:1018E0000024C0F60002C0F60003002040F20111FF
:1018F0000094FFF7D5FF28B14BF25640C0F6000028
:1019000007F072FB48F6316246F24103C0F600026E
:10191000C0F60003012040F201110094FFF7C0FF60
:1019200028B14BF25640C0F6000007F05DFB48F6C8
:10193000416246F251030024C0F60002C0F60003E3
:10194000022040F201110094FFF7AAFF28B14BF2E8
:101950005640C0F6000007F047FB48F6516246F2D9
:101960006103C0F60002C0F60003032040F201113B
:101970000094FFF795FF48B14BF25640C0F60000C7
:1019800002B0BDE8104007F02FBB00BF02B010BD91
:10199000FEE70000002070470020704710B541F6B8
:1019A0003044C2F2000441F21C41C2F20001204660
:1019B000002205F027FC40F61C41C2F2000120463F
:1019C00005F016FC002010BD10B541F63044C2F2FF
:1019D00000040146204605F00BFC204605F032FBD2
:1019E000002010BD0020704741F63042C2F20002D4
:1019F000D2F8BC22D2F81432002B1CBF0120704751
:101A000010B541F63044C2F200040A4601462046B1
:101A100005F0F8FB2046BDE8104005F06BBC000067
:101A200070470000EFF3108072B64BF2A230C0F6A0
:101A3000000007F0D9FA00BFFEE70000032884BFCA
:101A40000120704780B507A131F8101040F6000062
:101A5000C4F6000001F080FAC0B2002818BF0120CF
:101A600080BD00BF00020001800040007047000000
:101A70002DE9F04181B00022009290F85820012A0F
:101A800006D14FF0020C604601B0BDE8F08100BF06
:101A90004269012380F8583012B10B6A012B21D121
:101AA0004A68092A1AD10A688B6A4FF4785707EAFC
:101AB000524223B1CF6A03F07C033B431A43D0F870
:101AC000008044F20006D8F84C70C0F2104637404F
:101AD0001743C8F84C7042662EE000BFD0F8008073
:101AE0002AE000BF866E1EB1456E00220AE000BFEC
:101AF0008F6A5A1E27B1CE6A07F07C0737433A43F4
:101B000000251E46D1E90037D0F8008007F01F07F6
:101B1000C3F38463BB401A43771E42EA0502C0E95F
:101B2000192709D1D8F84C7044F20006C0F21046CB
:101B300037403A43C8F84C20D8F80820120714D48C
:101B4000D8F80C2091F8257091F8266022F4401204
:101B5000002F4FEA465701D03A4304E091F8246041
:101B600042EA06523A43C8F80C20D8F80820D8F8C0
:101B7000087002F0040207F00807D21916D18A6A29
:101B8000C2B1CA6AB2B191F82520012A1CD1C26D36
:101B90004FF0010C42F02002C26591F83070D8F885
:101BA0001020012F1ED022F0020223E04FF0000C83
:101BB000E9E000BF91F82570D8F80C20012F05D17D
:101BC00042F0007204E000BFD8F80C2022F000724E
:101BD0004FF0000CC8F80C2091F83070D8F81020A5
:101BE000012FE0D1D1E90D7622F4FF723A4332435E
:101BF00042F00202C8F810200F6808F1140204260F
:101C0000C7F340648D6806EAD75E52F82440C7F3F4
:101C100004570726BE40B5F1004F24EA060405D15B
:101C200042F80E40126842F0004206E0BD402C43EC
:101C300042F80E40126822F00042C8F81420D1E9A0
:101C40000427D8F80C60042A70D1D8F86020D8F89E
:101C500060200C68C2F3846694FAA4F52246B5FAB3
:101C600085F5C4F3846E6FF3DF422C46002A08BF6B
:101C70007446A6424FF6FF74C0F207040ED1D8F89E
:101C8000602022F00042C8F860200D6805EA0402D6
:101C9000C5F3846E95FAA5F5B5FA85F5D8F86460B4
:101CA000D8F86460002AC6F384662F4608BF7746DA
:101CB000BE420ED1D8F8642022F00042C8F8642059
:101CC0000D6805EA0402C5F3846E95FAA5F5B5FA28
:101CD00085F5D8F86860D8F86860002AC6F384668D
:101CE0002F4608BF7746BE420ED1D8F8682022F0B2
:101CF0000042C8F868200D6805EA040295FAA5F4C8
:101D0000C5F3846EB4FA84F5D8F86C40D8F86C400A
:101D1000002AC4F3846408BF7546AC4233D1D8F8B6
:101D20006C2022F00042C8F86C202CE0062505EA61
:101D3000960607FA06FE0E6808F1600555F822407F
:101D40004FF20007C0F2FF3706F0F8463C404EEA7B
:101D50000607274347F0004745F822700A698F6954
:101D600055F8226026F08076374345F822700A69DC
:101D70000F7F55F82260012F26F0007608BF06F18C
:101D8000007645F82260D8F808200F68D2074ED1B7
:101D9000CE684FF6FF73D8F8B0503A4606F01804F4
:101DA000C0F207036FF3DF42E34095433B402B4310
:101DB0000025C4F27F05AE42C8F8B03037D18AB1F1
:101DC00097FAA7F2B2FA82F2013202F01E03092B4F
:101DD00002F01F020FD80123934002EB420243EAB4
:101DE000025214E0012202EB976202F01E030A2B5A
:101DF00002F01F02EFD301230027934002EB4202BF
:101E0000CFF6206707EB02521A4342F00072C2F38A
:101E1000406708EB87078B687E69C2F30452072589
:101E20009540AE4303FA02F232437A610F68002113
:101E3000C8F208010F4200F07D8040F20014C5F2A4
:101E4000000408F13041A8EB0402B1FA81F1B2FAC2
:101E500082F249095209114304F5C1654FF4C16189
:101E60001CBF4FF4027104F502750E590022CCF22A
:101E70002132974206F0E07E04D01022C9F2C0025F
:101E800097423DD1320255D440F20062C5F20002C1
:101E9000904502D0B8F1A04F4CD1625822F0E072C8
:101EA00042EA0E0242F40002625040F22801C2F2FD
:101EB0000001096842F663528909C0F23E52A1FB53
:101EC0000212910901EB4101182202EB81010091FC
:101ED000009979B3009901390091009951B30099A3
:101EE00001390091009929B30099013900910099B5
:101EF00001B300990139009100990029EAD119E054
:101F00000021CCF252718F420CD1BEF1807F09D2F8
:101F10004FF080712A6822F0E072114341EA0E010D
:101F2000296007E00021CCF684318F4208BF16F407
:101F3000800107D0002180F85810604601B0BDE84C
:101F4000F08100BFB8F1A04F06D0A045F2D0A04567
:101F500002D004F5C06101E004F5007101F108054B
:101F60004FF48001D6E700000068B0F1A04F18BF21
:101F7000704770B540F20044C4F6000420464FF4A8
:101F80008061012200F0F6FF41F60075C2F2000503
:101F90002846092100F05CF800EE100A40F21026F5
:101FA000B8EE400AC2F20006284640F20F1186ED54
:101FB000070A00F04DF800EE100AB8EE400A284675
:101FC00040F2152186ED080A00F042F800EE100AF2
:101FD000B8EE400A86ED090A96ED070A96ED041A56
:101FE0009FED1A2A31EE400A40F2F42020EE020A58
:101FF000C2F2000080ED000A96ED080A96ED051A7F
:1020000040F2FC2031EE400A20EE020AC2F200004B
:1020100080ED000A96ED090A96ED061A40F2F820C6
:1020200031EE400A20EE020AC2F2000080ED000A02
:10203000F068002818BF04F0ABFB20464FF4806125
:102040000022BDE8704000F095BF00BF0000043CD6
:10205000006840F20F12914210D040F21B329142C0
:1020600008D040F21522914214BF802188214058A7
:10207000704700BF8C214058704700BF84214058F2
:10208000704700007047000070B540F20044C5F290
:1020900000040168A4F540724FF44273914208BFF6
:1020A0006FF0F703B1F1A04F08BF6FF0F7031D59B0
:1020B0008A68120744BF022070BDCA68C96C11F457
:1020C000C07F07D1002A05D4C16D41F02001C16550
:1020D000012070BD90F85810012904BF022070BD86
:1020E000012180F858100646FFF752FB20B100216D
:1020F00086F8581070BD00BFF16D3046C90546BF67
:10210000016E21F0080100210166C16D43F2010357
:10211000994301F58051C165016840F2001EC5F286
:10212000000E40F2005C05F01F027145C5F2000C84
:1021300030D0614504D126468E4218BF002A03D113
:10214000C66D26F48016C66560260E60002680F8EF
:102150005860CE68B60203D54E6846F480664E607D
:1021600086694D686FF04003082E08BF6FF02003AA
:1021700003EA05034B604B684FF0200608BF40267A
:10218000334371454B600DD0614517D18C420DD161
:1021900014E000BF4FF0A0468E4218BF002ACFD0F7
:1021A000D2E700BF4FF0A0448C4207D0072A15D8D1
:1021B000012303FA02F212F0C10F0FD0C8688001A8
:1021C00044BF002070BD88684FF6C072C7F6FF722A
:1021D000104008308860002070BD00BFC16D41F420
:1021E0008011C165002070BD70470000704700007D
:1021F00090F85820012A04BF0220704770B582B0C1
:10220000002201920092026840F2080EC5F2000E10
:10221000B2F1A04F0EF1F80508D040F20043C5F22C
:1022200000039A4234D10EF59F6300E02B469B6871
:10223000946823435B072BD44FF4E063D1F800C0CC
:10224000AA4208BF4FF44073B2F1A04F08BF4FF449
:1022500040735EF80340BCF1000F24F4604425D0C5
:102260004D6890F8386042F4807245EA46352C4358
:1022700040F20015C5F20005AA424EF8034027D1EE
:10228000DEF80020DEF800412243D20748D129E0E1
:10229000C16D41F02001C1650121002280F8582064
:1022A00002B0BDE870400846704700BF42F480713C
:1022B00040F20012C5F2000291424EF803401BD1D9
:1022C000DEF80010DEF800211143C90728D11DE017
:1022D000DEF80044DEF80055DEF800262C432243E9
:1022E000D2071DD15EF8032040F61F748968A2430F
:1022F000114341EA0C010EE0DEF80024DEF800652F
:10230000DEF8001632431143C90709D15EF8031005
:1023100040F61F7291434EF803100021BDE700BF45
:102320000021BAE7F0B581B00022009290F8582061
:10233000012A03D10221084601B0F0BD012307683C
:1023400080F85830BB685B0734D4D1E900351F26CC
:10235000C5F3012407EB8404226B05F01F05AE4092
:10236000C3F38463B243AB401A432263BA68BB68C9
:1023700002F0040203F00803D21840F0BC800A689F
:1023800007F114030426C2F34064D1F808E006EA1A
:10239000D25C53F82440C2F304550722AA40BEF190
:1023A000004F24EA02040BD143F80C401A6842F0B3
:1023B00000430DE0C16D41F02001C165012167E1DD
:1023C0000EFA05F2224343F80C201A6822F000436B
:1023D0007B61D1E90435FC68042B5FD13A6E3A6E1B
:1023E0000B68C2F3846293FAA3F6C3F3846C6FF3B1
:1023F000DF43B6FA86F5002B2C464FF6FF7E08BF6A
:102400006446A242C0F2070E0CD13A6E22F000429E
:102410003A660A6802EA0E03C2F3846C92FAA2F2E8
:10242000B2FA82F57A6E7A6E002BC2F384622C4681
:1024300008BF6446A2420CD17A6E22F000427A664E
:102440000A6802EA0E03C2F3846C92FAA2F2B2FAAC
:1024500082F5BA6EBA6E002BC2F384622C4608BFB6
:102460006446A2420CD1BA6E22F00042BA660A68F3
:1024700002EA0E03C2F3846C92FAA2F2B2FA82F577
:10248000FA6EFA6E002BC2F3846208BF6546AA4258
:1024900031D1FA6E22F00042FA662CE0062202EAFE
:1024A000940205FA02FC0E6807F1600555F8234016
:1024B0004FF20002C0F2FF3206F0F846224046EA30
:1024C0000C06324342F0004245F823200A698B692A
:1024D00055F8226026F08076334345F822300A69A9
:1024E0000B7F55F82260012B26F0007608BF06F11D
:1024F000007645F82260BA680D68D20750D1CA68E4
:10250000D7F8B0602B466FF3DF4326EA030C4FF693
:10251000FF7602F01804C0F20706E64000242E40C1
:10252000C4F27F0446EA0C06A242C7F8B06037D175
:1025300093B195FAA5F2B2FA82F2013202F01E03CB
:10254000092B02F01F0310D801229A4003EB43032A
:1025500042EA035315E000BF012202EB956202F04C
:102560001E030A2B02F01F03EED3012200269A401D
:1025700003EB4303CFF6206606EB03531A4342F006
:102580000073C3F3406607EB86068A687569C3F378
:10259000045307249C40A5439A402A4372610D6866
:1025A0000021C8F208010D4271D040F2001CC5F2B2
:1025B000000C4FF4C161674508BF4FF40271B7F1D9
:1025C000A04F08BF4FF4027151F80C400022CCF22A
:1025D0002132954204F0E07E04D01022C9F2C002FC
:1025E000954241D1220252D440F20062C5F200026B
:1025F000974202D0B7F1A04F49D15CF8012022F0F8
:10260000E07242EA0E0242F400024CF8012040F26D
:102610002801C2F20001096842F663528909C0F23A
:102620003E52A1FB0212910901EB41010C2202EB87
:1026300081010091009951B30099013900910099ED
:1026400029B3009901390091009901B3009901392A
:1026500000910099D9B100990139009100990029A0
:102660004FF00001E8D113E00022CCF25272954203
:1026700014D10022B2EB1E6F10D15CF8012022F0C1
:10268000E07242EA0E0242F080724CF80120002112
:10269000002280F85820084601B0F0BD0021CCF699
:1026A00084318D424FF0000108BF14F48002EFD155
:1026B000B7F1A04F06D06745EAD0674502D00CF5C8
:1026C000C06101E00CF500718A6822F0E07242EA14
:1026D0000E0242F480028A60D9E7000070470000D1
:1026E000704700002DE9F04F81B040F200480168CA
:1026F000C5F200080446A8F540794FF442700E6810
:102700004D68494508BF6FF0F700B1F1A04F08BF11
:102710006FF0F70050F80800B20700F01F0B0FD55C
:1027200015F002000CD0E06DC00603D4E06D40F45B
:102730000060E0652046FFF799F9216802200860F3
:1027400040F2001A7007C5F2000A02D515F0040025
:1027500004D1300756D515F0080053D0204650F864
:102760005C2FD20603D4026842F400720260CA6889
:1027700012F4406F40D151450CD040F20052C5F2E6
:10278000000291420A4617D142468A420A4606D1C1
:1027900012E000BF4FF0A0428A420A460CD0BBF1C3
:1027A000090F00F21D81012202FA0BF240F22123EF
:1027B0001A420A4600F01481D26892041CD40A68B6
:1027C000120719D58A6852070CD44A6822F00C0205
:1027D0004A60016821F4807101600168C90407D56D
:1027E0000AE000BFE06D40F01000E06504F1600019
:1027F000016841F0010101602046FFF76FFF216889
:102800000C200860B00602D515F0200004D1700637
:1028100037D515F0400034D0204650F85C2FD20652
:1028200003D4026842F400520260CB6CCA6851457E
:102830000CD040F20057C5F20007B9420F4616D13E
:1028400047468F420F4606D111E000BF4FF0A04728
:102850008F420F460BD0BBF1070F00F2A980012772
:1028600007FA0BF717F0C10F0F4600F0A180FF68C1
:1028700013F4C07F76D02046FFF776FB21686020F6
:10288000086030060CD515F0800009D0E06D40F4EA
:102890008030E065204600F0E3F921688020086080
:1028A000F0050DD515F480700AD0E06D40F40030CD
:1028B000E0652046FFF798FC21684FF480700860BF
:1028C000B0050DD515F400700AD0E06D40F48020FD
:1028D000E0652046FFF78AFC21684FF4007008602D
:1028E000F00625D515F0100022D0E06B90B1BBF1B9
:1028F000000F59D04FF44270494508BF6FF0F70000
:10290000B1F1A04F08BF6FF0F70058F8000010F4C5
:10291000604F0BD0E06D40F48060E065206E40F0C9
:10292000020020662046FFF7DBFE216810200860C9
:10293000700513D515F4806010D0E06D4FF48062FF
:1029400040F48040E065206E40F00800206620469C
:102950000A6001B0BDE8F04FFFF794BB01B0BDE8DD
:10296000F08F00BFBB0106D502F4406207F40053AC
:10297000D2187FF480AF0A6852067FF57CAF17F457
:1029800000127FF478AF8A6812071DD44A6822F0DB
:1029900060024A60016821F4805101600168C90544
:1029A0003FF569AF16E000BFC868C007B2D1BDE708
:1029B000514521D040F20057C5F20007B9420F46F9
:1029C00008BF474653E700BFE06D40F01000E065E8
:1029D00004F16000016841F0010101604BE700BFB4
:1029E00051450DD040F20052C5F2000291420A4614
:1029F00008BF4246E0E600BF4FF0A04737E700BF00
:102A00004FF0A042D8E6000070B582B00021002847
:102A1000019153D0C16D39B9044600F023F9204625
:102A20000021216684F858100268916889004FF6E9
:102A3000C071C5F6FF7102D593680B40936093682F
:102A4000DB002ED4936801F18051194041F0805190
:102A5000916040F22801C2F20001096842F6635316
:102A60008909C0F23E53A1FB03139909022303EB2A
:102A7000410101910199A1B1019901390191019996
:102A800079B1019901390191019951B10199013946
:102A90000191019929B10199013901910199002907
:102AA000EAD19168C9000DD4C16D012641F0100131
:102AB000C165016E41F00101016604E00126304666
:102AC00002B070BD00269368C46D03F0040304F0E7
:102AD00010041B19C36D77D123F481730233C365CE
:102AE0009368DB072AD140F2001442F48073C5F2E8
:102AF000000440F2080CA342C5F2000C40F0A28092
:102B0000DCF80040DCF800312343DB0716D10CF180
:102B1000F8034FF4E064D0F804E09A4208BF4FF4A1
:102B20004074B2F1A04F08BF4FF440745CF8043019
:102B300023F47C1343EA0E034CF80430437FC46B48
:102B4000D0E9021544EA43332B4390F8245019434B
:102B5000012D41EA054306D1816A0025CFF6FE75B5
:102B600005EB41410B43C46A24B1016B04F4787551
:102B700029430B43D16844F20705CFF6F07529408D
:102B80001943D1601169436B21F040611943116110
:102B90009168090743D490F83810037F490041EA4F
:102BA0008331D36844F20205AB431943D160036912
:102BB00014698BB144F480311161D2F8C01043F62E
:102BC000FF75A9430B4310E043F010020126C265D4
:102BD000304602B070BD00BF24F480311161D2F8DC
:102BE000C01043F6FF7321EA0303C2F8C03090F827
:102BF0004010136901290FD140F2FD7123EA010C45
:102C0000D0E91135D0E9134143EA0C032B432343A8
:102C1000194341F0010301E023F00103136141690D
:102C2000136B012923F00F0302D1016A01390B4311
:102C30001363C26D012161F30102C265304602B027
:102C400070BD00BFDCF800E4DCF80035DCF80046BD
:102C500043EA0E032343DB073FF459AF6EE700005E
:102C60007047000010B59CB0044600201B90CDE9D1
:102C70001900CDE9170002A804305021FDF72DFC02
:102C80002068B0F1A04F01D01CB010BD4FF400403F
:102C900002904FF00050139002A801F07FFA002834
:102CA00018BFFEF7BFFE41F24C00C4F202000168FB
:102CB00041F400510160016801F400510191019952
:102CC000016841F001010160006817A900F00100EE
:102CD0000190019807201790032018900020199068
:102CE0004FF0904000F05EF812200021002200F02A
:102CF000BFF9122000F0AAF91CB010BD90F8251001
:102D0000022931D180B50168D0E910CE826C0B6800
:102D100023F00E030B600B6823F001030B601168B6
:102D200021F4807111600EF01F02012101FA02F2FC
:102D3000CCF80420D0E913325A60426D32B11368E6
:102D400023F480731360D0E91623536080F82510B4
:102D5000826B002180F824100AB190470021BDE861
:102D600080400846704700BF0421C1630121002252
:102D700080F8251080F8242008467047B0B5044636
:102D800000F0FEF8054640F20000C2F20000406884
:102D9000611C18BF044400BF00F0F2F8401BA042C1
:102DA000FAD3B0BD2DE9F04F83B00E68002E00F0CD
:102DB000CF8000F1200241F2004C009200F1384730
:102DC000C4F6000C06224FEAB725604508BF05226D
:102DD000052D38BF4FEAB722002500274FF0000825
:102DE00001920AE00E6808F1010836FA08F207F1CC
:102DF000020705F1040500F0AB80012202FA08FE8B
:102E000016EA0E09EED0D1F804C003220CF0030B31
:102E1000ABF1010602FA07F4012E6FEA040A11D899
:102E20008468CE6804EA0A04BE403443846044687F
:102E300024EA0E06CCF3001404FA08F42643466094
:102E400006E000BFBBF1030F02D14FF0030B21E0FE
:102E5000C6688C6806EA0A06BC402643BBF1020F2E
:102E6000C66017D16FF00302009B02EA580605F016
:102E70001C020F2453F806C004FA02FE0C692CEA67
:102E80000E0C04FA02F242EA0C029A51D1F804C084
:102E90000CF0030B02680BFA07F302EA0A021A436A
:102EA0001CF4403F02609DD041F26003C4F2020373
:102EB0001A6840F2004E42F001021A601A68C4F229
:102EC000010E02F001020292029A28F003024FF66C
:102ED000084C7244CFF6FF7C52F80C3005F00C061B
:102EE0000F24B440A343019C04FA06F6334342F88E
:102EF0000C30DEF808204B6842EA090640F20C4C20
:102F0000DC0258BF22EA0906CEF80860C4F2010CC0
:102F1000DCF800209C0242EA090658BF22EA0906B2
:102F2000CCF80060DEF804209C0342EA090658BF92
:102F300022EA0906CEF80460DEF80020DB0342EA4C
:102F4000090658BF22EA0906CEF800604AE700BF2A
:102F500003B0BDE8F08F00000069084018BF0120F1
:102F600070470000426902EA0103914341EA0341CC
:102F7000816170471823002A08BF2823C150704779
:102F800042F2AC70C2F200000068704740F20000EC
:102F900042F2AC71C2F20000C2F2000140680A685D
:102FA000104408607047000080B5032000F08CF8E2
:102FB0000F2000F009F800281CBF012080BD00F0A0
:102FC0002BF8002080BD0000B0B540F20005C2F231
:102FD00000056968F1B1044640F22800C2F2000021
:102FE0004FF47A720068B2FBF1F1B0FBF1F001F03E
:102FF00079FF01460F2C4FF001000AD8002918BFB5
:10300000B0BD4FF0FF302146002200F031F8002023
:103010002C60B0BD0120B0BD82B041F25800C4F2B6
:103020000200816841F001018160816801F00101C5
:1030300001910199016841F080510160006800F040
:1030400080500090009802B001F09EB8002848BF60
:10305000704700F01F01012202FA01F11C2202EA6E
:10306000D0004EF20012CEF20002815070470000F4
:1030700010B54EF60C5CCEF2000CDCF80030C3F359
:10308000022E8EF00704042C28BF0424BEF1030393
:103090004FF0FF3E0EFA04F438BF0023A1439940DD
:1030A0000EFA03F39A43114300F00F0200F160435C
:1030B0000901043A03F564436244002848BF02F161
:1030C0000C03197010BD00004EF60C51CEF2000139
:1030D0000A684FF6FF031A4060F30A2242F080604C
:1030E00040F0FD700860704701220168C0F8D022EE
:1030F000002280F8C822B1F8540040F00100A1F885
:103100005400B1F8540040F002020020A1F854200D
:103110007047000010B50129044613D011BB607A36
:1031200048B103F035FD4EF61050CEF200000168B4
:1031300021F006010160D4F8D802BDE8104004F087
:1031400039BB00BFD4F8D80204F0BCFB607A002879
:1031500008BF10BD4EF61050CEF20000016841F0DD
:103160000601016010BD000080B501F0070C0CEBFA
:103170008C0C00EBCC0C0CF1100C01EB810E090651
:1031800000EBCE0058BF00F5A87C5AB1ACF808306F
:103190001B0C01210A202CF8003000208CF80C10A8
:1031A00080BD00BF002106202CF8003000208CF8E4
:1031B0000C1080BD01EB8102D0F8D83200EBC200C8
:1031C000426A184604F0B6B901EB8102D0F8D83251
:1031D00000EBC200D0F86421184604F0FFB90000EB
:1031E00010B501F0070E0A464FFA81FC0EEB8E0176
:1031F00000EBC10303F5A871BCF1000F48BF03F158
:10320000100190F89032D209012B4A7081F800E049
:1032100004BF022010BD0268012380F890320446EA
:10322000104604F06DFF002084F8900210BD0000ED
:10323000027901F00F03934284BF0120704710B55B
:1032400001F0070303EB830200EBC2024FFA81FC9B
:103250008E4602F5A871BCF1000F48BF02F11001C3
:103260004FEADE124A7090F890224FF0000C012ACB
:1032700081F802C00B7004BF022010BD0268012358
:1032800080F890320446104604F0CEFF002084F807
:10329000900210BD01F0070101EB810100EBC100BC
:1032A000D0F86C0170470000B0B501F007048C46FF
:1032B0004FFA81FE04EB840100EBC10505F5A8710E
:1032C000BEF1000F48BF05F110014FEADC154D704B
:1032D0000C700A61022BCB7004BF00220A7190F8B7
:1032E0009022012A04BF0220B0BD0268012380F8A9
:1032F00090320446104604F0C5FD002084F8900288
:10330000B0BD000010B501F0070C0CEB8C0100EB18
:10331000C10E00680EF5A8710024CEF86421CEF825
:103320006831CEF86C418EF851418EF850C104F0EE
:10333000D3FF002010BD0000027901F0070C944576
:103340004FF001022AD810B501EB810300EBC30353
:103350004FFA81FE03F5A8730CEB8C04C90900EB4E
:10336000C404BEF1000F48BF04F11003597090F877
:1033700090129A70012983F800C001D102220BE05B
:103380000168012280F8902204460846194604F09C
:1033900089FF002284F89022BDE810401046704753
:1033A00080B501F0070C0CEB8C0100EBC10101F8BA
:1033B00010CF00684FF0010C01F1140781F824C010
:1033C0004FF0000E87E80C400B6281F801C004F05A
:1033D00083FF002080BD00002DE9F04F83B004463C
:1033E000006805F0B7FB010422D4410500F1E28337
:1033F000410400F1F183810400F10684C10400F16D
:103400000D84010500F13084010600F14784810537
:1034100000F15484C00540F1DB832068B0F844100B
:1034200021F48071A0F8441003B0BDE8F08F00BF14
:103430002068B0F94410B1F1FF3F00F3C98304F5EF
:10344000A871019104F1100148F2C005029104F540
:10345000267140F60F78009123E000BFB0F85010BD
:1034600094F85021014401EBC201B1F80634B4F8DC
:10347000562100996FF39F23C4F86C3105F06EFB61
:103480002068018801EA080180310180204600F0AF
:10349000C1FD00BF2068B0F94410B1F1FF3F00F357
:1034A0009783B0F8442012F00F090DD030F929109D
:1034B0004FEA490BB1F1FF3F1FFA81FA2EDD5FEAB7
:1034C0000A60E7D544E100BF0188D2065ED401EA74
:1034D000080101F500410180B0F85010227C084439
:1034E00000EBC200B0F80204616A6FF39F20E06253
:1034F0000844606220460021FFF75CFE207B002824
:10350000C8D0A06A0028C5D1207B216840F0800087
:10351000C0B2A1F84C0000202073BBE730F81B10AC
:1035200001EA0801803120F81B10019A09EB89019A
:1035300002EBC106317B00297CD0F178022940F0F2
:103540008980B0F850303178B26903445FEA4A4765
:1035500003EBC10300F19680B3F8067400236FF308
:103560009F27D21B38BF1A46B26140F2A1805FEAA2
:103570004A6200F1AD8030F8212002EA08022A43B5
:1035800020F82120002F40F0A480C3E00A053FF579
:1035900065AF09B2B1F1FF3F3FF77CAF018801EAA7
:1035A000080180310180B0F8501094F85021014496
:1035B00001EBC201B1F806346FF39F23C4F86C31FC
:1035C00093B1D4F8641179B1B4F8562105F0C6FA74
:1035D000D4F86401D4F86C110844C4F8640120469E
:1035E0000021FFF7F1FD206801880A053FF552AF81
:1035F00001F44051B1F5405F3FF44CAFB0F85010CA
:1036000000F20642535A6FF39F235352D4F86031AD
:103610003F2BC0F0E781DE068E5A4FEA53174FF07A
:10362000FF3508BF05EB531748F2C00546EA87236C
:1036300061E200BFB0F850103278014401EBC201E2
:10364000B1F806746FF39F27002F63D07169F28879
:103650005BE000BF317830F8212002EA08022A43FB
:1036600020F8212030F82120B0F8503000EBC101C3
:103670005204194416D4B1F806746FF39F2747BB60
:1036800048E000BFB3F8027400236FF39F27D21BFA
:1036900038BF1A46B2611FD95FEA4A622BD497BB82
:1036A00038E000BFB1F802746FF39F275FBB31E0D1
:1036B00030F8212043F60F731A404CF28003A3F533
:1036C00000535A4020F821205FEA4A627FF553AF49
:1036D00007B37169728918E030F8212043F60F733F
:1036E0001A404CF28003A3F500535A4020F82120E1
:1036F0005FEA4A62D3D530F8212002EA08022A4361
:1037000020F8212037B1716932893B4605F026FA4D
:1037100001E000BF0027F169D6E9050239443844C9
:10372000F161706112B13069B84209D9317820462F
:10373000FFF74AFD5FEA0A607FF5ACAE08E000BF24
:103740002068314604F0C8FD5FEA0A607FF5A2AE4A
:10375000206809EB890130F81B20029B03EBC106AE
:1037600002EA080101F5004120F81B10F178012957
:1037700022D1317B00294FF00001B16100F02D8191
:103780005FEA4A6100F17E807178012900F01281C0
:10379000002940F02281B0F850103278084400EB44
:1037A000C200B0F806146FF39F21A0F80614B0F819
:1037B000061441F4004104E15FEACA511CD4B0F898
:1037C00050203178024402EBC102B2F80224B369FE
:1037D0006FF39F229B1A4FF0000738BF3B46B3613F
:1037E00040F2FC807169F369114471619918F161CB
:1037F000314604F071FD4DE6B0F850303178B569CE
:103800005FEA4A6200EBC10754D407F2064E3EF865
:10381000033000226FF39F23ED1A38BF1546B561C0
:103820007CD95FEA4A4708D430F821704CF2800511
:1038300007EA08072F4320F8217096F8241048F271
:10384000C005012940F0A981D6E904C1D6E907578E
:1038500019441D4467457161F56180F0FB80002FBC
:1038600000F06081BC46326286F82420737848F20A
:10387000C005012B40F0F780B0F850302EF803C09F
:103880007CE100BF7178012900F09E80002940F0A2
:10389000A480B0F850103278084400EBC200B0F8B1
:1038A00002146FF39F21A0F80214B0F8021441F43F
:1038B000004190E007F2024939F8033000226FF32B
:1038C0009F23ED1A38BF1546B5614DD95FEA4A47C7
:1038D00008D530F821704CF2800507EA08072F431D
:1038E00020F8217096F8241048F2C005012940F014
:1038F0005481D6E90471D6E9075E19441D44BE45DA
:103900007161F56180F0CE804FF0000CBEF1000FC8
:1039100086F824C040F0C9809E46C8E0737848F21B
:10392000C005012B6AD0002B71D1B0F850303B4458
:10393000B3F802746FF39F27A3F80274B3F802740C
:1039400047F40047A3F80274B0F850003EF8003086
:103950006FF39F232EF800303EF8003043F400430D
:103960002EF8003053E000BF737848F2C005012BF9
:1039700054D0002B5BD1B0F8503039F803506FF3BE
:103980009F2529F8035039F8035045F4004529F8DC
:103990000350B0F8500048F2C0053844B0F806248F
:1039A0006FF39F22A0F80624B0F8062442F40042E8
:1039B0003BE000BFB0F850103278084400EBC20082
:1039C0000021A0F8061408E0B0F85010327808443E
:1039D00000EBC2000021A0F8021431782046FFF766
:1039E000E9FB57E5002B00F0858003F00107565AEC
:1039F00007EB530346EA832382E000BFB0F8503060
:103A00003B44A3F80224B0F850002EF800202046D2
:103A1000FFF7D0FB5FEA4A4010D5BEE0B0F8503067
:103A200029F80320B0F850003844A0F806242046B6
:103A3000FFF7C0FB5FEA4A4040F1AF802068317871
:103A40004CF2800330F8212002EA08021A4320F8E1
:103A50002120A2E0A7EB0C033362737848F2C00583
:103A6000012B3FF409AF002B40F08880B0F85030B4
:103A7000BCF13F0F3EF803706FF39F272EF80370E1
:103A80005AD35FEACC654FEA5C173EF803504FF01B
:103A9000FF3208BF02EB5C1745EA872748F2C005F2
:103AA00068E000BFAEEB070CBE46C6F820C07378D6
:103AB00048F2C005012B2FD0002B69D1B0F850304F
:103AC000BEF13F0F39F803706FF39F2729F8037099
:103AD00040D35FEACE654FEA5E1739F803504FF0E6
:103AE000FF3208BF02EB5E1745EA872748F2C005A0
:103AF0004AE000BF535A48F20007CFF6FF773B4336
:103B00008B52018843F60F7211404CF28002A2F5ED
:103B1000805251400180BDE4B0F8503029F803E0F4
:103B200036E000BF002786F824709C46737848F280
:103B3000C005012B97D19FE6BCF1000F18D00CF007
:103B400001073EF8035007EB5C0745EA872748F278
:103B5000C00511E0BEF1000F14D00EF0010739F8D6
:103B6000035007EB5E0745EA872748F2C0050DE0E2
:103B70003EF8037047F400472EF8037072891FFA6D
:103B80008CF308E039F8037047F4004729F8037014
:103B900032891FFA8EF305F037F82068317840F645
:103BA0003F7330F821201A40A5F110035A4020F845
:103BB00021206FE42068B0F8441021F48061A0F85F
:103BC0004410204600F0E8F994F8900201280DD145
:103BD00003B0BDE8F08F00BF2068B0F8441021F4B6
:103BE0008041A0F8441003B0BDE8F08F012000250B
:103BF00084F8900225732068002104F0FDFF84F80A
:103C0000905203B0BDE8F08F2068B0F8441021F462
:103C10000051A0F8441003B0BDE8F08F2068B0F860
:103C2000401021F00401A0F84010B0F8401021F03D
:103C30000801A0F8401094F8C802012806D100201D
:103C400084F8C80220460021FFF764FA204600F0FD
:103C5000B5F92068B0F8441021F48051A0F8441060
:103C600003B0BDE8F08F00BF2168B1F8400040F01C
:103C70000800A1F84000B1F8440020F40060A1F869
:103C80004400B1F8400040F004022046A1F8402072
:103C900003B0BDE8F04F00F0DBB900BF2068B0F81A
:103CA000441021F08001A0F8441094F8C81299B192
:103CB000204603B0BDE8F04F00F0CAB92168B1F862
:103CC000440020F400722046A1F8442003B0BDE86F
:103CD000F04F00F087B900BFB0F8401041F0040188
:103CE000A0F84010B0F8401041F00801A0F84010D2
:103CF000012184F8C812B0F854003C2101EA900276
:103D000020460121C4F8CC2203B0BDE8F04FFFF7F4
:103D100001BA0000002804BF01207047F0B581B04F
:103D2000044690F8910228B9002084F890022046B9
:103D300000F0FEF8032084F89102206804F06AFA8B
:103D400094F804E0BEF1000F00F0E0800EF0030CE8
:103D5000BEF1040F4FF0000238D30EF0FC03A4F1C3
:103D6000A0000321012500BFCE1E80F8B0608E1E8A
:103D700080F8D8604E1E80F8006180F828110E1D72
:103D8000013180F8B15080F8B320C0E93022C0F88A
:103D9000C82080F8D95080F8DB20C0E93A22C0F86A
:103DA000F02080F8015180F80321C0E94422C0F8D6
:103DB000182180F8295180F82B21C0E94E22C0F843
:103DC0004021A03099423146CED1F21EBCF1000F05
:103DD0002ED004F1100002EB820100EBC10501239B
:103DE00000F831200021BCF1010F6B70E970C5E9CA
:103DF0000411A9611CD0551C05EB850600EBC60714
:103E0000BCF1020F7B7000F83650F970C7E904115D
:103E1000B9610DD0911C01EB810200EBC2030125B9
:103E200000F8321000205D70D870C3E9040098617A
:103E3000BEF1000F6AD0BEF1040F4FF0000235D37F
:103E40000EF0FC0003212346CF1E83F850718F1E15
:103E500083F878714F1E83F8C8110D1D013183F866
:103E6000512183F85321C3E95822C3F8682183F80C
:103E7000792183F87B21C3E96222C3F8902183F87A
:103E8000A12183F8A07183F8A321C3E96C22C3F8B0
:103E9000B82183F8C92183F8CB21C3E97622C3F87E
:103EA000E021A03381422946CED1EA1EBCF1000FA9
:103EB0002CD004F5A87002EB820300EBC3070021AD
:103EC000BCF1010F797000F83320F970C7E90411D3
:103ED000B9611BD0531C03EB830700EBC706BCF191
:103EE000020F717000F83730F170C6E90411B1614A
:103EF0000CD0911C01EB810200EBC20300275F7024
:103F000000F83210DF70C3E904779F6194E807007E
:103F100004F072F900200121207384F89112A17A33
:103F2000012903D12046FFF7DFF8002001B0F0BDE2
:103F300010B596B0044601A804305021FCF7CDFA24
:103F4000206845F60041C4F20001884202D016B054
:103F500010BD00BF4FF40050019001A800F01EF901
:103F6000002818BFFDF75EFD41F25800C4F20200C0
:103F70000168002241F4000101600068002100F4A2
:103F80000000009000981420FFF772F81420FFF74B
:103F90005DF816B010BD000010B504464079022847
:103FA00018BFFDF73FFDD4F8D802012103F01EFC35
:103FB000D4F8D802BDE8104003F0C8BB10B50446E1
:103FC000407A48B14EF61050CEF20000016821F060
:103FD0000601016002F0DCFDD4F8D802BDE8104013
:103FE00003F0E8BBD0F8D80203F0EEBB90F89022C3
:103FF000012A04BF0220704710B5012280F89022E8
:10400000017302680446104604F0F6FD002084F8AF
:10401000900210BDD0F8D82200F52671104603F0AA
:10402000FBBB000090F89012012904BF02207047EA
:1040300010B50168012280F890220446084604F079
:1040400079FD206804F0CEF8002084F8900210BDBD
:1040500010B50446D0F8D80203F034FC607A00288A
:1040600008BF10BD4EF61050CEF20000016841F0BE
:104070000601016010BD000047F21401C4F2000106
:1040800051F8142CB0F5007F3CD0002874D1C86ED4
:1040900002F4C06220F48070B2F5806FC8662FD140
:1040A00051F8140C012262F34A2041F8140C40F23A
:1040B0002800C2F200000068322250434DF68362AD
:1040C000C4F21B32A0FB0202900C00BF0A6852052A
:1040D00011D5421C0FD00A6852050CD558B10A6898
:1040E000520508D5012806D00A68520503D50228D2
:1040F000A0F10400EAD10868400544BF03207047DE
:1041000000207047C86E02F4C06240F48070B2F5BF
:10411000806FC866F4D151F8140C012262F34A2072
:1041200041F8140C40F22800C2F20000006832226C
:1041300050434DF68362C4F21B32A0FB0202900C86
:104140000A68520511D5421C0FD00A6852050CD5D9
:1041500058B10A68520508D5012806D00A685205E8
:1041600003D50228A0F10400EAD10868400544BF45
:1041700003207047C4E700BF022060F34A2241F8E1
:10418000142C00207047000047F20800C4F2000021
:10419000016841F480410160704700002DE9F04161
:1041A00082B00446807841F288060007C4F2020615
:1041B00002D400202FE000BF56F8300C5FEAC008A0
:1041C0000BD456F8300C40F0805046F8300C56F8BE
:1041D000300C00F080500190019847F20007C4F2C3
:1041E0000007386840F480703860FEF7C9FE054665
:1041F0003868C00500F10C81FEF7C2FE401B0228A2
:10420000F6D90320B8F1000F05D456F8301C21F080
:10421000805146F8301C2168CA0717D18A071DD47F
:104220004A0723D40A0729D4CA062FD48A0635D4CC
:104230004A063BD40A0641D4CA0547D48A034DD462
:104240008A0553D44A0559D467E000BF32686368D1
:1042500022F003021A4332608A07E1D53268A3686C
:1042600022F00C021A4332604A07DBD53268E36859
:1042700022F030021A4332600A07D5D5326823692A
:1042800022F0C0021A433260CA06CFD53268636991
:1042900022F440721A4332608A06C9D53268A36993
:1042A00022F440621A4332604A06C3D53268E36999
:1042B00022F440521A4332600A06BDD53268236A9E
:1042C00022F440421A433260CA05B7D53268636AA5
:1042D00022F440321A4332608A03B1D57269A36A6C
:1042E00022F003021A4372618A05ABD53268E36A91
:1042F00022F440221A4332604A050ED53268236BFD
:1043000022F440121A43B3F5801F326005D156F8EB
:104310007C2C42F4801246F87C2C0A050ED53268BB
:10432000636B22F440021A43B3F5800F326005D16B
:1043300056F87C2C42F4801246F87C2CCA040ED528
:104340003268A36B22F040721A43B3F1807F32606F
:1043500005D156F87C2C42F4801246F87C2C8A0455
:104360000ED53268E36B22F040621A43B3F1006F5E
:10437000326005D156F87C2C42F4801246F87C2C31
:104380004A040ED53268236C22F040621A43B3F11E
:10439000006F326005D156F87C2C42F4801246F84A
:1043A0007C2C0A040ED53268636C22F040521A430A
:1043B000B3F1805F326005D156F87C2C42F4803234
:1043C00046F87C2CCA030ED53268A36C22F040421A
:1043D0001A43B3F1804F326005D156F87C2C42F479
:1043E000803246F87C2C49030ED57169E26C21F4C9
:1043F00040111143B2F5001F716105D156F87C1CC4
:1044000041F4801146F87C1C02B0BDE8F08100BF89
:10441000B06810F4407010D0216D88420BD0B068A5
:10442000B16820F4407041F48031B160B16821F48A
:104430008031B160B060C0070CD1B068216D20F44C
:1044400040700843B0600020B8F1000F3FF5E3AEC4
:10445000DBE600BFFEF794FD054641F2883700BF5A
:10446000B0688007E9D4FEF78BFD401BB842F7D94E
:10447000C7E600002DE9F047002863D042F2000AA9
:10448000C4F2020A0446DAF800000D4600F00F00FC
:1044900088420CD2DAF8000020F00F002843CAF856
:1044A0000000DAF8000000F00F00A8424AD12168AD
:1044B00041F20808C807C4F2020803D1880740F196
:1044C000D080B5E0606858F8082C022838D003285E
:1044D0003CD1920136D5D8F80420D8F8043042F205
:1044E0000046C3F3031302F00302D8F8047001334B
:1044F000C0F2F406032A04BF41F20026C0F27A0695
:10450000B6FBF3F2D8F80430C7F306277A43C3F3B7
:104510004163022707EB4303B2FBF3F24BF2004384
:10452000C0F2C4439A4259D9D8F8002012F0F00FD3
:1045300049D0890752D5A16800294FD143E000BF77
:10454000910305D40120BDE8F08700BF5105F9D5DE
:10455000D8F8001001F00C0104293FD0D8F8001061
:1045600001F00C01082939D0D8F8001001F00C0135
:104570000C2933D1D8F80410D8F8042042F20047AF
:10458000C2F3031201F00301D8F804300132C0F283
:10459000F407032904BF41F20027C0F27A07B7FBF2
:1045A000F2F1D8F80420C3F306235943C2F3416261
:1045B000022303EB4202B1FBF2F14BF20042C0F2E4
:1045C000C44291420AD9D8F80010082262F30711B8
:1045D0004FF00109C8F8001002E000BF4FF00009D9
:1045E000D8F8001021F003010843C8F80000FEF7D6
:1045F000C7FC064641F28837D8F80000616800F031
:104600000C00B0EB810F07D0FEF7BAFC801BB8425C
:10461000F2D90320BDE8F0872168880708D4B9F1F2
:10462000000F1ED0D8F8000020F0F00017E000BF07
:10463000480705D5D8F8000040F4E060C8F800004D
:10464000080706D5D8F80000072262F30D20C8F845
:104650000000D8F80000A26820F0F0001043C8F86D
:104660000000DAF8000000F00F00A8421BD9DAF8C9
:10467000000020F00F002843CAF80000FEF780FC7D
:10468000064641F2883700BFDAF8000000F00F005C
:10469000A84207D0FEF774FC801BB842F4D903206F
:1046A000BDE8F0872168480707D5D8F80000E26820
:1046B00020F4E0601043C8F80000080708D5D8F8D7
:1046C0000000216920F4605040EAC100C8F80000F1
:1046D000D8F8000042F20041C0F2F40100F00C00F2
:1046E000042808462DD0D8F8000000F00C00082857
:1046F00041F20020C0F27A0023D0D8F8002002F066
:104700000C020C2A1CD1D8F80420D8F8043002F08E
:104710000302C3F30313D8F804700133032A08BF5C
:104720000146B1FBF3F0D8F80410C7F30627C1F334
:1047300041610222784302EB4101B0FBF1F000E05D
:104740000020D8F800104BF29232C1F30311C0F6EA
:104750000002515C40F2280201F01F0120FA01F131
:1047600040F20000C2F200000068C2F200021160D4
:10477000BDE8F047FEF728BC002804BF01207047C1
:104780002DE9F04182B00446007841F20006C007EE
:10479000C4F202061ED1207880073DD4207800079D
:1047A00064D42078400700F187802078800600F1EB
:1047B000D980E569002D00F04282B06800F00C005D
:1047C0000C2840F03181012D40F08E81012002B093
:1047D000BDE8F081B06800F00C01F068082961D0F4
:1047E000032281F00C0122EA00000844B0FA80F0B4
:1047F000400957D161683068B1F5803F07D0B1F505
:10480000A02F40F0E38040F480203060306840F416
:1048100080303060E4E000BFB068F16800F00C0068
:10482000042871D001F0030180F00C0081F0020136
:104830000844B0FA80F0400966D1E1683068002988
:1048400000F0E08040F480703060FEF799FB054690
:104850003068400500F10A81FEF792FB401B0228F8
:10486000F6D9032002B0BDE8F08100BF6169D6F837
:104870009400002900F0948040F00100C6F89400F4
:10488000FEF77EFB054600BFD6F8940080073FF593
:1048900088AFFEF775FB401B0228F5D9032002B054
:1048A000BDE8F081306880037FF575AF606800284F
:1048B0007FF471AF3EE000BFB06D5FEAC00808D47E
:1048C000B06D40F08050B065B06D00F08050019048
:1048D000019847F20007C4F200073868C0052DD4DC
:1048E000386840F480703860FEF74AFB054600BF28
:1048F0003868C00522D4FEF743FB401B0228F7D9D5
:10490000032002B0BDE8F0813068400501D5E068C1
:1049100080B17068216920F0FE4040EA016070605B
:1049200040F20000C2F200000068FEF74DFB0028D4
:104930003FF434AF012002B0BDE8F081A168D6F8A1
:104940009000012908D0052940F0AE8040F0040015
:10495000C6F89000D6F8900040F00100C6F890002C
:10496000AEE000BFA169D6F89800002900F086806B
:1049700040F00100C6F89800FEF702FB054600BFB4
:10498000D6F8980080073FF514AFFEF7F9FA401B00
:1049900002284FF00300F3D902B0BDE8F08100BF58
:1049A00020F00100C6F89400FEF7EAFA054600BFC1
:1049B000D6F8940080077FF5F4AEFEF7E1FA401BCD
:1049C0000228F5D9032002B0BDE8F08120F4803040
:1049D00030603068002920F48020306000F0BE8014
:1049E000FEF7CEFA054600BF306880033FF5D3AE30
:1049F000FEF7C6FA401B6428F6D9032002B0BDE8D2
:104A0000F08100BF20F480703060FEF7B9FA0546EF
:104A1000306840057FF5C2AEFEF7B2FA401B0228AF
:104A20004FF00300F4D9B7E7306820F080703060B1
:104A3000FEF7A6FA022D05460CD100BF30688001B2
:104A400040F1B880FEF79CFA401B02284FF00300AB
:104A5000F4D9A1E73068800140F1EA80FEF790FACE
:104A6000401B02284FF00300F4D995E770682169D4
:104A700020F0FE4040EA016070608FE620F0010007
:104A8000C6F89800FEF77CFA054600BFD6F89800F5
:104A900080077FF58EAEFEF773FA401B02284FF0B9
:104AA0000300F3D978E700BF20F00100C6F89000BA
:104AB000D6F89000002920F00400C6F890005DD0E0
:104AC000FEF75EFA054641F2883700BFD6F890003F
:104AD000800765D4FEF754FA401BB842F6D903208C
:104AE00002B0BDE8F08100BFF068216A00F0030267
:104AF0008A427FF41FAF626A6FF00F0300F0F0018B
:104B000003EB021291427FF415AFA16A00F4FE425A
:104B1000B2EB012F7FF40EAFE16A00F07842B2EB06
:104B2000C16F7FF407AF226B0023CFF6E07303EA77
:104B3000025200F4C001A2F5001291427FF4FAAED5
:104B4000616B4FF07E4202EA016100F0C06001F14A
:104B50007E4188427FF4EEAE71E000BFFEF710FAAE
:104B6000054600BF306880037FF515AEFEF708FAF2
:104B7000401B64284FF00300F4D90DE7FEF700FA5C
:104B8000054641F2883700BFD6F89000800707D568
:104B9000FEF7F6F9401BB8424FF00300F4D9FBE6EC
:104BA000B8F1000F3FF501AEB06D20F08050B06558
:104BB000FBE500BFF06848F20C01C0F29F1104F160
:104BC000200700EA010C8ECF6FF00F00D4E90C54DF
:104BD00000EB02100022CFF6E07241EA0C0102EA7B
:104BE00005520843A2F500124FF07E4540EA03202B
:104BF00005EA0465104305F17E4540EAC760284395
:104C0000F060306840F080703060F06840F0807094
:104C1000F060FEF7B5F90446306880010FD4FEF766
:104C2000AFF9001B02284FF00300F5D9B4E600BF2E
:104C3000F0684FF6FC71CFF6EE610840F06000209E
:104C400002B0BDE8F081000070470000B0B582B04E
:104C500001684A688B6803F04105012D08D112F004
:104C6000400505D0C16C02B0BDE8B040084700BFA8
:104C70009D0707D512F0800504D0016D02B0BDE894
:104C8000B040084713F4B07F18BF12F0200501D1DF
:104C900002B0B0BD5D0618D590F85D50032D09D166
:104CA00000200190C868019088680190019802B0C6
:104CB000B0BD00BF056E45F00405056600250195F1
:104CC000CD6801958D680195019D9D0604D4DB0595
:104CD00011D4036EDBB9DBE7056E45F0010505660F
:104CE000002501958D6801950D6825F040050D6042
:104CF000019DDB05EDD5036E43F008030366002339
:104D000001938B680193019B036E002BC0D04B680D
:104D1000920723F0E0034B604FF0010380F85D3011
:104D200026D04A6846F6793422F003024A60816D43
:104D3000C0F6000459B1054608468C63FDF7DEFF56
:104D40000146284619B1016E41F040010166416DEE
:104D500000299DD08C6304460846FDF7CFFF00284C
:104D600096D0206E40F04000206602B0B0BD00BF7B
:104D700002B0BDE8B040FFF767BF0000002804BFE5
:104D800001207047416A19B100210161142104E03A
:104D90004168B1F5827F02D01C2100224250B0B59B
:104DA0000025856290F85D1029B980F85C500446B2
:104DB00000F056F82046022180F85D100168D0F816
:104DC0000CE00B68BEF5E06F23F040030B6098BF6A
:104DD00001254EF40063B3F5706F4FEA053C1CBF2C
:104DE00000258562D0E90154D0E9043205F48275CA
:104DF00004F404442C4403F002032344846902F0C5
:104E00000102C5691A4404F400731A4405F038031A
:104E1000056A1A4405F08003856A1A4405F40053B4
:104E20001A430A600422436A0EF4706502EA1442CF
:104E3000446B45EA0C0503F010032A4304F0080410
:104E40001A4322434A60CA6922F40062CA610021FF
:104E50000122016680F85D20BDE8B0400846704739
:104E600080B586B0006843F20002C4F2010200215E
:104E70009042CDE90411CDE90211019102D006B0B2
:104E800080BD00BF41F24C00C4F20200426942F40E
:104E900080524261426902F480520092009A026894
:104EA00042F002020260006800F0020000900098E8
:104EB000382001900220CDE902010520059040F242
:104EC00000400491C4F6000001A9FDF76BFF232008
:104ED00000210022FEF7CCF82320FEF7B7F806B039
:104EE00080BD0000411E0020B0EB116F1CBF0120EF
:104EF00070474EF21002CEF2000251604EF623517E
:104F0000CEF20001F0230B70072190601160704712
:104F100070470000704700007047000090F83C2088
:104F2000012A04BF02207047B0B5D1E90232D1E9AD
:104F300000CE22F47C5223F4705343EA020448F278
:104F4000FF73CEF6F0730EEA0302224303F500640A
:104F500004EA0C0442EA040C0C6903F5C052224036
:104F60004C6942EA0C02224303F5605422400C6B68
:104F700003F5F04323401A438B6940F2000CCC69DF
:104F8000CEF6FF7C0CEA034C1443026842F6004361
:104F9000C4F201039A4244EA0C030BD045F2000428
:104FA000C4F20104A24205D043F20044C4F2010459
:104FB000A24217D14FF6FF74CDF60F4403EA040E58
:104FC000D1E9084CD1E90A310025CDF6F04505EAD2
:104FD000035343EA0E0324F008552B432CF00055ED
:104FE0002B430B430021536480F83C100020B0BDDC
:104FF00090F83C30012B04BF02207047F0B51368D5
:105000005D1E3F2D00F230804FF0090E4FF0000C76
:105010004FF40074DFE805F05A20303C3030304463
:10502000303030303030304C303030303030303064
:10503000303030303030305430303030303030304C
:105040003030303030303030303030303030303060
:1050500030303030303030364FF00A0E4FF0010C27
:105060004FF48064022331E0802B05D14FF0070C10
:105070000024802328E000BF002300244FF0000C10
:1050800022E000BF4FF0060C002440231CE000BFCC
:105090004FF00B0E4FF0020C4FF40064042315E0A8
:1050A0004FF00C0E4FF0030C4FF4805408230DE02A
:1050B0004FF00D0E4FF0040C4FF40054102305E098
:1050C0004FF0050C002420234FF0000E012903D0DF
:1050D000022913D1642100E0602105686E58D2E9ED
:1050E00001279E4302FA0CF21A40324407FA0EF3EB
:1050F000A24323401A446A50002100E0012100220B
:1051000080F83C20BDE8F04008467047704700003A
:10511000704700007047000090F83C20012A4FF0D3
:10512000020266D070B580F83D20026842F6004C5D
:1051300054689368C4F2010C45F2000E6245C4F253
:10514000010E18BF72452BD14D6824F470042C4316
:105150004FF68F75CFF6FF550E682C4042F6FF359F
:10516000C4F201053443AA4254600DDC40F2FF76DC
:10517000C4F20006B2421BDCB2F1804F2CD040F2E8
:105180000046C4F2000625E043F6FF74C4F20104B1
:10519000A24219DC62451FD043F2004618E000BF6E
:1051A00043F20045C4F20105AA42CDD0D0E700BFCA
:1051B00040F60006C4F20006B2420DD040F60046AA
:1051C000C4F2000606E000BF724505D044F20006B6
:1051D000C4F20106B24204D1896823F08003194366
:1051E00091600121002280F83D1080F83C20BDE84C
:1051F0007040104670470000C1B1042908D008294A
:1052000014BF47224622825C012A05D016E000BF67
:105210004522825C012A11D10222082910D00429DA
:1052200014BF80F8472080F845200BE090F8442018
:10523000012A03D1022280F8442003E001207047B4
:1052400080F84620026801F00F000421136A01FA79
:1052500000F023EA00011162116A08431062506CE9
:1052600042F6FF31C4F2010140F400408A4250642A
:105270000EDC40F2FF70C4F20000824218DCB2F192
:10528000804F2DD040F20040C4F2000026E000BF65
:1052900043F6FF70C4F20100824215DC42F6004082
:1052A000C4F2010082421BD043F2004014E000BF70
:1052B00040F60000C4F20000824211D040F60040E7
:1052C000C4F200000AE000BF45F20000C4F2010091
:1052D000824205D044F20000C4F2010082420CD1A7
:1052E00090680721C0F20101014006294FF000003B
:1052F000A5D0B1F5803F08BF7047106840F00100AD
:10530000106000207047000070470000002804BFB4
:105310000120704710B5044690F83D0028B90020E0
:1053200084F83C00204600F023F8022084F83D0079
:105330002068211D01F084FC012084F8480084F8D5
:105340003E0084F83F0084F8400084F8410084F86F
:10535000420084F8430084F8440084F8450084F84F
:10536000460084F8470084F83D00002010BD00008E
:1053700080B586B0006840F20041C4F20001884266
:105380004FF000010591CDE90311CDE9011133D0B2
:1053900042F60041C4F2010188422BD141F24C0097
:1053A000C4F20200416941F400614161416901F4C4
:1053B000006100910099016841F0010101600068FD
:1053C00001A900F0010000900098402001901220F7
:1053D00002900020CDE90300062005904FF0904098
:1053E000FDF7E0FC192000210022FDF741FE192005
:1053F000FDF72CFE06B080BD41F24C00C4F2020065
:10540000C168002241F00201C160C068012100F0C2
:105410000200009000981D20FDF72AFE1D2006B016
:10542000BDE88040FDF712BE90F83D1001291BD168
:10543000022180F83D10016842F6FF32C868C4F2CC
:105440000102914240F00100C8600FDC40F2FF70A1
:10545000C4F20000814219DCB1F1804F2ED040F23D
:105460000040C4F2000027E00120704743F6FF70BF
:10547000C4F20100814215DC42F60040C4F2010092
:1054800081421BD043F2004014E000BF40F6000010
:10549000C4F20000814211D040F60040C4F2000086
:1054A0000AE000BF45F20000C4F20100814205D0CD
:1054B00044F20000C4F2010081420CD18868072246
:1054C000C0F201020240062A4FF00000CDD0B2F532
:1054D000803F08BF7047086840F001000860002066
:1054E0007047000090F83C20012A4FF0020200F0C3
:1054F000998080B580F83D20D0F800C08822DCF883
:105500000830CFF6CE721A40CCF808200B68B3F5FD
:10551000005F0DDA3F2B21DD5F2B3BDD602B00F0C0
:10552000AB80702B00F09480B3F5805F71D0E7E022
:105530002F22C0F21002934218DD4F21C0F2100159
:105540008B424FDD5021C0F210018B4255D06021BB
:10555000C0F210018B4250D0702149E01F2B0FDCAC
:10556000002B4AD0102B48D0CAE000BFB3F1101F67
:105570000CDAB3F5005F57D0B3F5801F3DD0BFE024
:10558000202B3AD0302B38D0BAE000BF35D02021C4
:105590002EE000BF402B00F09180502B40F0B080F7
:1055A000D1F804E0C968DCF82030DCF8202022F0D3
:1055B0000102CCF82020DCF8182022F0F00242EAA8
:1055C000011123F00A0242EA0E02CCF81810CCF8BE
:1055D0002020DCF808104FF68872CFF6CF72114009
:1055E000573114E03021C0F210018B4205D0402128
:1055F000C0F210018B4240F08380DCF808104FF6B7
:105600008872CFF6CF721140194341F00701CCF8F0
:1056100008100022012180F83D10002180F83C1084
:10562000BDE8804010467047D1E901E3C968DCF865
:10563000082043EA0E0322F47F4243EA012111438A
:10564000CCF80810DCF8081041F48041DFE700BF17
:10565000D1E901E3C968DCF8082043EA0E0322F42B
:105660007F4243EA01211143CCF80810DCF808100E
:1056700041F07701CBE700BFD1F804E0C968DCF85E
:105680002030DCF8202022F01002CCF82020DCF8BA
:10569000182022F4704242EA013123F0A00242EACB
:1056A0000E12CCF81810CCF82020DCF808104FF6B9
:1056B0008872CFF6CF7211406731A8E7D1F804E0C5
:1056C000C968DCF82030DCF8202022F00102CCF898
:1056D0002020DCF8182022F0F00242EA011123F029
:1056E0000A0242EA0E02CCF81810CCF82020DCF8AE
:1056F00008104FF68872CFF6CF721140473186E717
:10570000012287E770470000F0B581B004460068C9
:10571000C5680669B10717D515F0020114D06FF0FE
:1057200002010161012121778069800704D02046B0
:10573000FFF7E8FF06E000BF204600F039F92046F9
:1057400000F06AFB00202077700719D515F00400DF
:1057500016D020686FF00401016102212177806971
:1057600010F4407F04D02046FFF7CCFF06E000BFD6
:10577000204600F01DF9204600F04EFB0020207767
:10578000300717D515F0080014D020686FF0080115
:10579000016104212177C069800703D02046FFF70B
:1057A000B1FF05E0204600F003F9204600F034FB8D
:1057B00000202077F00619D515F0100016D02068CB
:1057C0006FF01001016108212177C06910F4407F5A
:1057D00004D02046FFF796FF06E000BF204600F009
:1057E000E7F8204600F018FB00202077F00718BFEC
:1057F00015F0010006D020686FF00101016120461C
:1058000000F0CEFB16F4025F05F0800718BF002FF2
:1058100002D1F00509D410E020686FF40251016153
:105820002046FFF777FBF00507D537B120686FF406
:10583000807101612046FFF76BFB700609D515F0FA
:10584000400006D020686FF040010161204600F062
:10585000B1FBB00609D515F0200006D020686FF026
:10586000200101612046FFF757FBF00209D515F42E
:10587000801006D020686FF4801101612046FFF788
:1058800047FCB00209D515F4001006D020686FF46B
:10589000001101612046FFF739FC700209D515F4AB
:1058A000800006D020686FF4800101612046FFF778
:1058B00031FC30020CD515F4000009D021686FF4DA
:1058C000000220460A6101B0BDE8F040FFF71CBDB0
:1058D00001B0F0BD2DE9F04186B0006842F600410C
:1058E000C4F2010100268842CDE90466CDE90266D2
:1058F000019603D006B0BDE8F08100BF41F24C0034
:10590000C4F20200016840F2004541F00401016068
:105910000168C4F6000501F00401009100990168D6
:1059200001AC41F0020101600168022701F00201AF
:1059300000910099016841F0010101600068214671
:1059400000F00100009000980820019005F58060AB
:10595000CDE90276CDE90467FDF724FA4FF4C040A3
:10596000CDE901074FF0060828462146CDE9036638
:10597000CDF81480FDF716FA4FF40040CDE9010789
:105980000420059028462146CDE90366FDF70AFA72
:105990004FF4E060CDE901074FF090402146CDE99A
:1059A0000366CDF81480FDF7FDF906B0BDE8F0817F
:1059B0007047000090F83C30012B04BF0220704774
:1059C0004FEAB202052A00F2ED812DE9F041DFE84D
:1059D00012F0070047019300ED0055009F0100BF42
:1059E00003681D6A1A6AA3F1804622F001021A6256
:1059F0001A46D3F8048052F818CF8F68A6F5963669
:105A0000D1F800E025F002054FEAB626092E45EA56
:105A100007050BD80127B74040F2E52427421FBFF6
:105A2000CC6825F00C0524F004042543092E0CD87D
:105A30000124B44040F2E52634421FBFD1E90546B7
:105A400028F440773C4344EA06084FF68C74CFF6BE
:105A5000FE740CEA040747EA0E07C3F804809F614E
:105A60004F6809695F631D629F6947F008079F617E
:105A70009F6927F004079F6188E100BF0368D3F89E
:105A800020C01A6AA3F1804722F480321A621A46B3
:105A9000A7F596375D6852F8508FD1F800E08E6810
:105AA0004FEAB727092F0AD80124BC4040F2E52766
:105AB0003C421EBF4C6925F4803545EA04252CF490
:105AC000003747EA06474FF68C76CFF6FE76033668
:105AD00006EA080646EA0E065D601E654E6809691C
:105AE0009E641F621F6D47F008071F651F6D27F03A
:105AF00004071F654AE100BF036842F600461D6ABD
:105B00001A6AC4F2010622F480721A621A46D3F8A5
:105B100004C052F81CEFB3428E68D1F8008025F41F
:105B2000007545EA06250BD045F20006C4F20106D1
:105B3000B34205D043F20046C4F20106B34207D196
:105B4000CE6840F2FF47360225F44065BE43354338
:105B5000A3F18046A6F596364FEAB626092E0DD853
:105B6000012707FA06F640F2E5273E421FBFD1E9BA
:105B700005672CF44054374344EA071C4FF68C74F5
:105B8000CFF6FE740EEA040747EA0807C3F804C01C
:105B9000DF614F680969DF631D62DF6947F008074D
:105BA000DF61DF6927F00407DF61EFE0036842F699
:105BB00000461D6A1A6AC4F2010622F480521A6273
:105BC0001A46D3F804C052F81C8FB3428E68D1F83D
:105BD00000E025F4005545EA06350BD045F20006F5
:105BE000C4F20106B34205D043F20046C4F20106F6
:105BF000B34207D1CE6844F6FF77360325F440451B
:105C0000BE433543A3F18046A6F596364FEAB62645
:105C1000092E0DD8012707FA06F640F2E5273E4285
:105C20001FBFD1E905672CF44044374344EA871C81
:105C300048F6FF44CFF6FF6404EA080444EA0E275E
:105C4000C3F804C0DF614F6809691F641D62DF6922
:105C500047F40067DF61DF6927F48067DF6194E064
:105C6000036842F600461D6A1A6AC4F2010622F071
:105C700010021A621A465C6852F818CFB3428E6856
:105C8000D1F800E025F0200545EA06150BD045F2D5
:105C90000006C4F20106B34205D043F20046C4F246
:105CA0000106B34207D1CE686FF0400725F0C0056A
:105CB00007EA06163543A3F18046A6F596364FEA65
:105CC000B626092E0DD8012707FA06F640F2E52779
:105CD0003E421FBFD1E9056724F440643E4344EAD5
:105CE000860448F6FF46CFF6FF660CEA060747EA49
:105CF0000E275C609F614F6809699F631D629F6901
:105D000047F400679F619F6927F480679F613CE0CB
:105D10000368D3F820C01A6AA3F1804722F48012E6
:105D20001A621A46A7F596375D6852F8508FD1F877
:105D300000E08E684FEAB727092F0AD80124BC403B
:105D400040F2E5273C421EBF4C6925F4802545EA18
:105D500084252CF4001747EA065748F6FF46CFF68D
:105D6000FF6606F5407606EA080646EA0E265D60FE
:105D70001E654E680969DE641F621F6D47F4006787
:105D80001F651F6D27F480671F650902136819439B
:105D900011600021BDE8F041002280F83C20084657
:105DA000704700BF0121002280F83C200846704760
:105DB000002804BF0120704710B5044690F83D004C
:105DC00028B9002084F83C00204600F023F8022087
:105DD00084F83D002068211D00F032FF012084F886
:105DE000480084F83E0084F83F0084F8400084F8BE
:105DF000410084F8420084F8430084F8440084F8A9
:105E0000450084F8460084F8470084F83D000020EF
:105E100010BD0000704700007047000080B5D9B188
:105E20000B1F4FEAB30E43224FF03F0CBEF1040F9D
:105E300038BF0CEBB302825C012A1CBF012080BD7D
:105E4000BEF1030F1ED8DFE80EF00319111500BFD5
:105E5000022280F83F2018E090F83E20012A1CBF63
:105E6000012080BD022280F83E200EE0022280F850
:105E700041200AE0022280F8422006E0022280F857
:105E8000402002E0022280F84320026801F01F0156
:105E90000120136A00FA01F18B431362136A0B436A
:105EA000A2F18041A1F596314FEAB1210729136291
:105EB00058D8884010F0E50F54D0506C42F6FF31AE
:105EC000C4F2010140F400408A4250640EDC40F20A
:105ED000FF70C4F20000824218DCB2F1804F2DD076
:105EE00040F20040C4F2000026E000BF43F6FF701D
:105EF000C4F20100824215DC42F60040C4F2010007
:105F000082421BD043F2004014E000BF40F6000084
:105F1000C4F20000824211D040F60040C4F20000FA
:105F20000AE000BF45F20000C4F20100824205D041
:105F300044F20000C4F2010082420CD190680721B3
:105F4000C0F20101014006294FF0000008D0B1F570
:105F5000803F08BF80BD106840F001001060002045
:105F600080BD00BF42F6FF30C4F201008242AEDDC8
:105F700043F6FF70C4F201008242BDDD44F200002E
:105F8000C4F201008242D9D045F20000C4F20100FF
:105F90008242E0D1506C40F400405064CEE70000F3
:105FA00042F2FC21C2F20001884218BF704703F0A0
:105FB0001DBA000070470000FEE7000040F27821A3
:105FC000C2F2000100224FF0FF30C1E90320C1E915
:105FD000050240F2F433887008804871A1F803008C
:105FE00040F23440C2F20003C2F20000C1E90822CC
:105FF0001A70C3E90D22DA63C3E90122DA601A7468
:10600000C3E90522DA6183F8202083F83020C3E950
:106010000922DA620A72CA8081F828200A6381F8AC
:106020003420CA6381F840208A6400F099BD0000E2
:1060300041F61C40C2F200000121017070470000CF
:1060400041F61C40C2F200000321017070470000BD
:1060500041F61C40C2F200000521017070470000AB
:1060600041F61C40C2F20000072101707047000099
:10607000FFF7A4BF40F61440C4F60000026843F2E4
:10608000080122F00402C4F2010102604FF403424D
:106090004A600A68D20709D10A68D20704BF0A68B1
:1060A0005FEAC27202D10A68D207F2D04A68036876
:1060B00043F004030360036823F0040303604FF418
:1060C00004434B600B68DB0709D10B68DB0704BF97
:1060D0000B685FEAC37302D10B68DB07F2D0496833
:1060E000036843F004030360C8B240EA022293B29B
:1060F00083EA132383EA131383EA930383EA5303A4
:1061000040F2143013F00103C2F2000083F00103E7
:10611000028043710CD1C2F38D02C1F34001428071
:10612000017100EE102AB8EE400AC280704700BF2D
:10613000428800EE102AB8EE400AC2807047000084
:1061400040F21430C2F200000021016043F200006E
:10615000C4F20100016841F0400101607047000095
:10616000F0B59BB0002401A83C211A94CDE9184455
:10617000CDE91644CDE91444CDE91244CDE91044EB
:10618000FAF7ABF941F60070C2F200004FF0A041FF
:10619000012304274FF4403280E81600C0E903448D
:1061A000C0E905378483036280F82440C0E90B44CA
:1061B00080F83840C46380F84040FCF725FC002894
:1061C00018BFFBF72FFC41F60070C2F2000018A9BF
:1061D0001894FCF70DF8002818BFFBF723FC0620E5
:1061E0000225119041F60070C0F2304500247F2650
:1061F0000427C2F2000010A9109512941396CDE95D
:106200001474FCF78FF8002818BFFBF70BFC09206B
:1062100002A9D1C10320099084200B904FF4807013
:106220000C9041F60070C2F2000001A9019506949D
:10623000ADF828408DF82A408DF83440FBF718FC63
:10624000002818BFFBF7EEFB0420C0F660000190A9
:1062500040F20F10029041F60070C2F2000001A956
:10626000FBF706FC002818BFFBF7DCFB0820C0F694
:106270009040019040F21520029041F60070C2F269
:10628000000001A9FBF7F4FB002818BFFBF7CAFBCD
:106290001BB0F0BD2DE9F04F87B0002441F24C0057
:1062A0000694CDE90444CDE90244C4F20200016839
:1062B00040F6000841F0040101600168C4F60008DE
:1062C00001F00401019101990168002241F02001CF
:1062D000016001684FF4604501F0200101910199CE
:1062E000016841F001010160016801F001010191C3
:1062F0000199016841F002010160016801F00201A9
:1063000001910199016841F00801016000684FF4B2
:10631000604100F00800019001984046FCF72AFE19
:106320004FF09040202100224FF0200BFCF722FE7E
:10633000A8F5806630464FF4406100224FF4406972
:10634000FCF718FE08F5806A504604210022FCF78D
:1063500011FE02AF0295012540463946CDE90354AE
:106360000594FCF71FFD4FF090403946CDE902B58A
:10637000CDE90444FCF716FD30463946CDE90295D7
:10638000CDE90444FCF70EFD4FF47070CDE9020432
:10639000404639460494FCF705FD0420CDE902058A
:1063A00050463946CDE90444FCF7FCFC07B0BDE893
:1063B000F08F000070B542F24C2043F20001C2F2AF
:1063C0000000C4F201014FF4827200234FF4706C9C
:1063D0004FF0020E012480E80E5000F114014FF43A
:1063E0000075182670C10721C0E90833C0E90A31D9
:1063F000C0E90C33FEF7C2FC002808BF70BDBDE841
:106400007040FBF70FBB000010B59EB0002468463B
:1064100034211D94CDE91B441994CDE91744CDE9ED
:106420001544CDE91344CDE91144CDE90F44CDE93C
:106430000D44FAF752F842F2B02042F60041C2F29F
:106440000000C4F2010120224FF0800CC0E90014CA
:1064500000F1080142F233131CC1C0E9054CFEF7FC
:1064600055FF002818BFFBF7DDFA4FF480501A9053
:1064700042F2B020C2F200001AA9FFF733F8002858
:1064800018BFFBF7CFFA42F2B020C2F20000FFF7CC
:106490008FFC002818BFFBF7C5FA42F2B020002499
:1064A000C2F2000017A9CDE917441994FEF734FE93
:1064B000002818BFFBF7B6FA0120CDE9140042F21C
:1064C000B020C2F2000014AA01211694FEF790FD3C
:1064D000002818BFFBF7A6FA60200D900020CDE938
:1064E0000E00CDE91000CDE9120042F2B020C2F258
:1064F00000000DA90022FFF75DFA002818BFFBF786
:1065000091FA42F2B020C2F200000DA90422FFF776
:1065100051FA002818BFFBF785FA42F2B020C2F208
:1065200000000DA90822FFF745FA002818BFFBF765
:1065300079FA42F2B020C2F200000DA90C22FFF756
:1065400039FA002818BFFBF76DFA4FF4805100208C
:1065500004914FF40051CDE905104FF00071CDE9E1
:106560000200CDE90000CDE90700CDE909100B904C
:106570004FF480400C9042F2B020C2F20000694615
:10658000FEF7CCFC002818BFFBF74CFA42F2B02013
:10659000C2F20000FFF79EF91EB010BD80B588B0B2
:1065A00042F2FC2040F200420021C2F20000C4F29C
:1065B0000002A92340F2E73C0791CDE905110291C1
:1065C000C0E90023C0E9021C01618161FEF79EFE63
:1065D000002818BFFBF726FA4FF48050049042F2CF
:1065E000FC20C2F2000004A9FEF77CFF002818BFBF
:1065F000FBF718FA00200190039042F2FC20C2F24F
:10660000000001A9FEF788FD002818BFFBF70AFA71
:1066100008B080BD80B541F6304040F20801C2F2BA
:106620000000C2F20001002200F04AFF002818BF5B
:10663000FBF7F8F941F6304040F22C01C2F20000BD
:10664000C2F2000101F066F9002818BFFBF7EAF971
:1066500041F6304040F25011C2F20000C2F2000197
:1066600000F006FD002818BFFBF7DCF941F63040CA
:10667000C2F2000001F06EF9002808BF80BDBDE83D
:106680008040FBF7CFB90000FEE70000FEE7000006
:1066900040F2743044F6E4124FF2BB23C2F2000021
:1066A000C3F65242C4F26023C0E9042341F2597296
:1066B0000021C3F63742C0E90011C0E90211C0E968
:1066C0000611C0E90811C0E90A11C0E90C23C0E9AC
:1066D0000E1170477047000090ED071A30EE600A07
:1066E00030EE412A90ED041A90ED003A82EE014A14
:1066F00090ED062A20EE017A90ED015A37EE022A3B
:10670000B3EE0E7A90ED026AB4EE472A80ED070AE6
:10671000F1EE10FAC8BFB0EE472A25EE025A23EE7A
:10672000000A30EE050A26EE044A90ED053A34EEF2
:10673000000AB4EE430AF1EE10FA80ED062A07DDF6
:1067400090ED034A33EE400A20EE040A10E000BF49
:10675000B1EE434AB4EE440AF1EE10FAA8BF704716
:1067600090ED035A33EE000A25EE400AB0EE443AAB
:1067700020EE010A30EE020A80ED060AB0EE430A6E
:1067800070470000002180EC060A8161704700001C
:106790002DE9F0412DED048BFFF76CFC40F2203425
:1067A000C2F2000484ED020A94ED020A9FEDCC1AB5
:1067B0009FEDCC8A30EE010A9FEDCB1A20EE080A3D
:1067C00020EE010A84ED030A94ED030AB1EE0C1ADF
:1067D00020EE010AF0EE480A03F06AFF84ED040A95
:1067E00094ED040AB5EE400AF1EE10FA07DA94EDE2
:1067F000040A9FEDBC1A30EE010A84ED040A2069F8
:1068000040F2C821C2F20001086002F033FC02F03D
:1068100097FA02F009FC94ED060AB5EE400AF1EE93
:1068200010FA03D104F11C000BE000BF94ED060A3E
:10683000B7EE001AB4EE410AF1EE10FA03D104F1FA
:106840002000E168016094ED061AB7EE000AB4EE8C
:10685000401AF1EE10FA40F0E38094ED0F0AB7EE23
:10686000009AB4EE490AF1EE10FA1BD140F200454D
:10687000C4F6000528464FF400610122FCF77AFBBC
:10688000206A9FED9A2A206494ED100A94ED111A63
:1068900030EE410AB4EE420AF1EE10FA0EDDBFEE20
:1068A000009A18E094ED0F0AB5EE400AF1EE10FAE6
:1068B00004BF4FF07E50E0633FE000BF94ED100A4C
:1068C00094ED111A9FED8A2A30EE410AB4EE420A85
:1068D000F1EE10FA05DA94ED120A30EE090A84EDB1
:1068E000120A206C9FED7F1A606494ED120A94EDF9
:1068F000102A20EE010A9FED7F3A30EE020A20EEC8
:10690000030A80EE010A0020CCF2B42084ED130AC1
:10691000206594ED140AD4ED130A40F2D430C2F28B
:106920000000FFF7D9FE002084ED0C0AE063284642
:106930004FF400610022FCF71DFB94ED080A94ED72
:10694000071A40F2A81030EE410A84ED090AC2F29B
:10695000000094ED090A90ED001A80EE010A9FED07
:10696000631A84ED0A0A94ED090AB4EE410AF1EEC5
:1069700010FA03DD9FED608A09E000BF94ED090A7B
:106980009FED5B1AB4EE410AF1EE10FA0DDA94EDC8
:10699000080A94ED071A30EE410A90ED001A30EE25
:1069A000080A80EE010A84ED0A0A94ED0A0A9FEDB6
:1069B000531A9FED4C2A20EE010A80EE020A84ED64
:1069C0000B0A606B04F04CFB8046E06A0D4604F055
:1069D00047FB9FED3F0B53EC102B04F055F99FED57
:1069E0003E0B06460F4653EC102B4046294604F05A
:1069F0004BF932463B4604F09FF804F06BF8A06375
:106A000094ED0C0AD4ED0E0A40F2B430C2F200004C
:106A1000FFF762FE84ED050AA06B9FED390A606303
:106A200040F2DC2084ED060AC2F2000094ED010A77
:106A3000D0ED000A40F23820C2F20000FFF74CFE11
:106A400040F2E420C2F2000080ED000A40F2E020B3
:106A5000C2F2000094ED050AD0ED000A40F2582081
:106A6000C2F20000FFF738FE40F2E820C2F2000058
:106A700080ED000A02F03EF902F00EFB40F2083011
:106A8000C2F2000090ED000A42F63441BDEEC00AA9
:106A900010EE100AC4F20101086040F20C30C2F29C
:106AA000000090ED000ABDEEC00A10EE100A48602A
:106AB00040F21030C2F2000090ED000ABDEEC00AB4
:106AC00010EE100A8860BDEC048BBDE8F08100BFB9
:106AD000343333333333D33F666666666666E63FE8
:106AE00000004E43DB0FC94000008038DB0F4940F7
:106AF000DB0F49C00000B443DB0FC9C00000704287
:106B000000000000B0B5044634F8043B14F803C09C
:106B1000BCF1010F1CBFFF20B0BD00F1220CC3EB84
:106B200043131CF803300546137002880846C2EB75
:106B300042126244013211461A46F9F767FC29886D
:106B400048F689004A1CC0F68800A2FB000300201A
:106B50006054C3EB0311A2EB41012980B0BD0000DA
:106B600080B52221F9F797FC80BD000042F24C204D
:106B7000C2F20000FEF76AB8806A0021A0F8461051
:106B8000C187FEF761B8000070470000FCF7FEB94E
:106B9000B0B594B000240020CDE90A44CDE9084402
:106BA000FDF76AFA212006904FF48030079001200B
:106BB0000C900220032555210D90CDE90E50CDE912
:106BC0001010CDE9120006A8FDF7D6FD50B1EFF385
:106BD000108072B64BF2A230C0F6000002F004FA48
:106BE000FEE700BF0F20CDE9010501A80421CDE992
:106BF00003440594FDF73EFC50B1EFF3108072B6EC
:106C00004BF2A230C0F6000002F0EEF9FEE700BF42
:106C100014B0B0BD4EF68850CEF20000016841F4C9
:106C2000700101607047000042F2B020C2F2000023
:106C3000FEF76ABD42F2FC20C2F20000FEF764BD1E
:106C400040F6FF330268C4F2000343F2FF3C98426F
:106C5000C4F2010C0ADD60452EDC40F60043C4F2AC
:106C60000003984234D042F600432DE0B0F1804F4B
:106C70002ED040F20043C4F20003984228D040F6E0
:106C80000003C4F20003984222D0604526DC40F2A3
:106C9000FF73C4F20003984236DD40F60003C4F2ED
:106CA0000003984246D040F60043C4F200039842E5
:106CB00040D042F6004339E045F20003C4F201033C
:106CC000984205D043F20043C4F201039842DCD15C
:106CD0004B6822F070021A436045D8DD44F2FF335E
:106CE000C4F20103984219DD44F20043C4F20103E7
:106CF00098421FD045F20003C4F20103984219D014
:106D000044F6000312E000BFB0F1804F12D040F211
:106D10000043C4F2000398420CD00FE043F200435A
:106D2000C4F20103984205D044F20003C4F2010307
:106D3000984203D1CB6822F440721A4380B54B6964
:106D400022F0800E8A6843EA0E03D1F800C0036087
:106D5000C262A0F18042A2F596324FEAB222092A1D
:106D6000C0F828C0BDE8804008D8012303FA02F229
:106D700040F2E5231A421CBF096901630121416108
:106D80000169C90708BF7047016921F0010101616C
:106D90007047000010B540F2FC74C2F200040A46CD
:106DA00002A0214600F01EFB204610BD43444320B4
:106DB000436F6E666967000010B5D0F8BC323BB314
:106DC0008E4601EB810100EB810151F8184F64B14F
:106DD000D0F8C4C20EEB8E020CEBC202D2F820C077
:106DE000B4FBFCF202FB1C42A2B10024C3F8144223
:106DF000D0F8C002D0F810C0BCF1000F06D0D3F814
:106E0000080203F504717246E0470024204610BDD5
:106E1000032010BD00240C6071460022002300F006
:106E20005BFD204610BD0000B0B5D0F8BC527DB16E
:106E3000044600F007FCD4F8C02205F50371D368BE
:106E4000D5F80422C5F80C02104698470020B0BDC2
:106E50000320B0BDB0B58121044600F059FB0025E8
:106E600020460121258700F053FB20468221A4F80B
:106E7000785100F04DFBD4F8BC02E56448B1D4F879
:106E8000C00240688047D4F8BC0200F0F3FFC4F8A9
:106E9000BC520020B0BD000040F2EC001222C2F251
:106EA00000000A807047000010B5D0F8BC428CB1D9
:106EB000D0F8C01259B194F80002FF2807D08B68AF
:106EC00094F8012221469847FF2084F80002002010
:106ED00010BD00BF032010BD014640F200100A2281
:106EE000C2F200000A807047014640F2640043226B
:106EF000C2F200000A807047014640F2A800432217
:106F0000C2F200000A807047014640F20C10432292
:106F1000C2F200000A807047F0B581B004464FF419
:106F2000077000F0A9FFE8B3217C4025C4F8BC023B
:106F3000002908BF4FF40075064620468121022231
:106F40002B4600F0DDFB01272046012102222B46C3
:106F5000278700F0D5FB1020A4F84E0020468221A0
:106F600003220823A4F8787100F0CAFBD4F8C00209
:106F7000A4F84C70006880470020C6F81402C6F8D8
:106F80001802207CD6F80422002820464FF0010188
:106F900014BF40234FF4007300F0C6FB002001B083
:106FA000F0BD00BF0020C4F8BC02022001B0F0BD5B
:106FB00010B540F2FC74C2F200040A4602A0214659
:106FC00000F010FA204610BD43444320496E74651A
:106FD000726661636500000040F264100422C2F230
:106FE00000000A807047000010B540F2FC74C2F245
:106FF00000040A4602A0214600F0F4F9204610BD24
:1070000053544D6963726F656C656374726F6E691A
:107010006373000010B540F2FC74C2F200040A462B
:1070200002A0214600F0DEF9204610BD53544D3336
:1070300032205669727475616C20436F6D506F72A7
:1070400074000000D0F8BC12002904BF0320704770
:1070500080B590F810C0D1F8042240230121BCF182
:10706000000F08BF4FF4007300F05EFB002080BDEE
:1070700000290EBF0320C0F8C01200207047000096
:1070800047F29050C1F6FF70026883684FF01A0C07
:107090009B18A1F800C000F0A680B0B54FF0370CE7
:1070A0001A0F0CEB13714068B3F1204F38BF02F197
:1070B000300140F26812C2F20002917019014FF0E3
:1070C000000E0CEB117582F803E0C3F30364B1F119
:1070D000204F38BF04F13005190215710CEB117502
:1070E00082F805E0C3F30354B1F1204F38BF04F137
:1070F0003005190395710CEB117582F807E0C3F3A5
:107100000344B1F1204F38BF04F130051904157262
:107110000CEB117582F809E0C3F30334B1F1204F91
:1071200038BF04F13005190595720CEB117582F822
:107130000BE0C3F30324B1F1204F38BF04F1300555
:1071400019061573C3F303140CEB1175B1F1204F3D
:107150004FEA037103F00F0382F80DE038BF04F12A
:10716000300503F13704957382F80FE0B1F1204F39
:1071700038BF03F13004010F0CEB1073147482F864
:1071800011E0B0F1204F38BF01F1300301010CEBE9
:107190001174937482F813E0C0F30363B1F1204FCC
:1071A00038BF03F1300401021475C0F303530CEB34
:1071B0001174B1F1204F4FEA003182F815E038BF69
:1071C00003F130040CEB1173947582F817E0C0F3EF
:1071D0000340B1F1204F38BF00F13003137682F83D
:1071E00019E0BDE8B04040F26810C2F200007047FC
:1071F000D0F8BC0200280EBF0320C0F80412002003
:1072000070470000D0F8BC0200280FBF0320C0F870
:107210000812C0F81022002070470000F0B581B0BD
:10722000D0F8BC420022002C8DF80320ADF80020DD
:107230005CD00B7813F0600214D0202A54D1CA8895
:1072400032B35BB2B3F1FF3F2CDD497884F8012201
:1072500084F80012214600F091F80024204601B085
:10726000F0BD00BF4A780B2A3ED80024DFE802F0C8
:1072700008063C3C3C3C3C3C3C3C2A38EEE700BF2A
:1072800090F89C22032A2FD16946022221E000BFF8
:10729000D0F8C0020022836848780024984720462E
:1072A00001B0F0BDD0F8C03206469D684B780F465D
:1072B00018462146A847FA883046072A28BF0722E1
:1072C000214606E090F89C22032A0DD10DF103011E
:1072D000012200F06DF80024204601B0F0BD00BF8F
:1072E00090F89C22032AB9D000F03CF803242046F1
:1072F00001B0F0BDD0F8BC22002A04BF03207047C3
:10730000D2F8141200294FF0010101D0084670474D
:1073100080B5C2F81412D2F81032D2F808228121B6
:10732000C36200F0D9FA0021BDE8804008467047EA
:10733000D0F8B82222B180B552689047BDE88040AD
:107340000020704780B513460A46002100F0ECF992
:10735000002080BD80B513460A46002100F0BCFA2B
:10736000002080BD10B58021044600F087FA204639
:107370000021BDE8104000F081BA000080B513463E
:107380000A460321C0F894120021C0E9563300F0E8
:10739000CBF9002080BD000080B50521C0F8941213
:1073A00000210022002300F0BFF9002080BD000072
:1073B00080B513460A460221C0F894120021C0E9A4
:1073C000063300F089FA002080BD000080B504215A
:1073D000C0F8941200210022002300F07DFA002062
:1073E00080BD0000002808BF704710B50378ABB11E
:1073F00000F1020E4FF0000C1EF8013C93B19EF814
:1074000000309BB19EF80130A3B19EF802300CF120
:10741000040C002B0EF1040EEED10DE04FF0000C29
:107420000AE000BF4CF0010C06E000BF4CF0020C7B
:1074300002E000BF4CF0030C5FFA8CFC022303EB6C
:107440004C03138003220B704A700378A3B30230FD
:1074500002224FF0000C00BF5FFA82FE51FA82F464
:1074600001F80E3084F801C010F8013C23B3941CDD
:107470005FFA84FE51FA84F401F80E3084F801C0FA
:107480000378CBB1141D5FFA84FE51FA84F401F83D
:107490000E3084F801C0437873B1941D5FFA84FE06
:1074A00051FA84F401F80E3084F801C08378083270
:1074B000002B00F10400CFD1BDE810407047000060
:1074C000002804BF032070470023C0F8B832C0F87A
:1074D000C0320029C0F8CC3218BFC0F8B412012164
:1074E00080F89C12027000F0B1B8000080B5D0F8AE
:1074F000C402FBF79DFE40F20032C100C0F201322F
:1075000022FA01F1032888BF0321C8B280BD000020
:1075100080B5D0F8C402FBF763FE40F20032C10030
:10752000C0F2013222FA01F1032888BF0321C8B258
:1075300080BD0000B0B569B190F89C22032A4BD100
:10754000D0F8B8225269002A46D09047002808BFD8
:107550000020B0BDD0F89412022936D1D0E907132B
:1075600099420DD9CB1A11461A46C3610446FFF75A
:10757000F1FE204600210022002300F0D5F823E090
:1075800010D182698A420DD3D0F898128A4209D26A
:107590000021002204460025FFF7DCFEC4F89852C3
:1075A000E7E700BF90F89C12032906D1D0F8B81283
:1075B000C96811B10446884720468021044600F07E
:1075C0005DF92046FFF7E8FE204690F8A012012959
:1075D00004BF002180F8A0120020B0BD10B569B131
:1075E00090F89C22032A1BD1D0F8B8229269BAB134
:1075F0009047002808BF002010BD00BFD0F89412AB
:1076000003290DD1D0E9571399420BD9C91AC0F8F3
:107610005C11994238BF0B4611461A46FFF792FE9D
:10762000002010BD90F89C12032906D1D0F8B812A2
:10763000096911B1044688472046FFF7C7FE0020BC
:1076400010BD0000D0F8C402FBF724BE10B50446FC
:1076500041F6707045F60041C2F20000C4F200012C
:1076600001604FF4027181800221C1710021C0F8D4
:10767000D842C4F8C4028160FCF74CFB002818BF54
:10768000FAF7D0F9D4F8C402002100221823FBF73E
:107690006BFDD4F8C402802100225823FBF764FD5F
:1076A000D4F8C40281210022C023FBF75DFDD4F889
:1076B000C402012100224FF48873FBF755FDD4F872
:1076C000C402822100224FF48073FBF74DFD00209D
:1076D00010BD0000D0F8C40201F07F034AB203EBF2
:1076E000830301EB810100EBC30300EBC10000F554
:1076F000A970002A48BF03F112000078704700000B
:1077000080B59446D0F8C4021A466346FBF7CCFD18
:1077100040F20032C100C0F2013222FA01F1032826
:1077200088BF0321C8B280BD80B5D0F8C402FBF782
:10773000E9FD40F20032C100C0F2013222FA01F14B
:10774000032888BF0321C8B280BD0000F0B581B016
:1077500004460120002184F89C02C4F89412D4F855
:10776000B8026160C4F8A41200B3D4F8BC1221B10D
:10777000426812B120460021904720460021002295
:10778000402300254026FFF7BBFF0127204680212C
:1077900000224023A4F86471C4F86061FFF7B0FFD1
:1077A000A7842662284601B0F0BD00BF0325284605
:1077B00001B0F0BD90F89C12042904BF90F89D120E
:1077C00080F89C1200207047D0F8B812002904BF3E
:1077D0000320704790F89C22032A05D1C96919B18A
:1077E00080B58847002080BD0020704702460020F9
:1077F0001174704780B5D0F8C402FCF7F7FB40F273
:107800000032C100C0F2013222FA01F1032888BF20
:107810000321C8B280BD0000B0B500F2AA2405461D
:10782000204600F06BF80121C5F8941295F8AA12D1
:10783000B5F8B03201F01F02022AC5F898320FD015
:10784000012A07D092B928462146BDE8B04000F091
:1078500083B800BF28462146BDE8B04000F0D8BA42
:1078600028462146BDE8B04000F030BA01F0800162
:107870002846BDE8B04000F001B8000080B5D0F85F
:10788000C402FBF759FD40F20032C100C0F20132E0
:1078900022FA01F1032888BF0321C8B280BD00008D
:1078A00080B5D0F8C402FCF7BDFB40F20032C10045
:1078B000C0F2013222FA01F1032888BF0321C8B2C5
:1078C00080BD0000014690F89C02042281F89D02D0
:1078D000002081F89C22704780B5D0F8C402FBF7E5
:1078E0005FFD40F20032C100C0F2013222FA01F124
:1078F000032888BF0321C8B280BD00000A78027047
:107900004A7842704A8842808A888280C988C180C9
:107910007047000010B582B004460020ADF80600A4
:1079200061B1CA6AC4F8B8122AB10DF106009047D5
:10793000C4F8CC02002002B010BD00BF032002B08A
:1079400010BD0000D0F8B822002A04BF0320704701
:1079500012681047FFF7A4BF70B582B00A7812F022
:1079600060020BD0402A02D0202A40F0D180D0F80B
:10797000B822926802B0BDE8704010474A78092AE0
:1079800000F2C680DFE802F00630C458C46082C44A
:107990001C4200BF90F89C22013A022A00F2B880F3
:1079A000C988022940F0B480D0F8A412032200292B
:1079B00008BF0122014641F80C2F02223AE100BF24
:1079C000C988012940F0A48090F89C124A1E022A1E
:1079D00080F098800024014641F8084F0122FFF70B
:1079E000E7FC204602B070BD90F89C22013A022AC2
:1079F00000F28E8049880024012940F09280C0F86E
:107A0000A442FFF7E3FC204602B070BD498840F273
:107A1000F875C2F2000511F0FE0F297056D08021D2
:107A20000446FFF72BFF20460021FFF727FF032422
:107A3000204602B070BD00BF4988012942D1012112
:107A4000C0F8A412FDE000BF8A88002A60D1CA886D
:107A5000002A5DD14D887F2D5AD890F89C120329B9
:107A600056D0E9B280F89E520446FFF7C3FE204686
:107A70002646FFF7ABFC002D14BF0220012086F83C
:107A80009C020024204602B070BD00BF4A884FF01F
:107A9000FF3303EB122300260E2BADF8066000F235
:107AA0007980DFE803F0095941777769757777774F
:107AB000777777774D0000BF0D46D0F8B4120A688B
:107AC00043E000BF0024204602B070BD90F89C2225
:107AD000032A61D0022A40F087800A0600F0B180B4
:107AE00001F00102C9B242600546FFF72BFF0028F2
:107AF00000F0CC80044628468021FFF7BFFE2846D0
:107B000000210CE0032903D1011D012292E000BFF6
:107B100080210446FFF7B2FE204600210024FFF733
:107B2000ADFE204602B070BDD2B2052A32D8DFE8E1
:107B300002F003C3BBBFB7C7D0F8B422526802E05B
:107B4000D0F8B422D2692AB30D460446007C0DF168
:107B500006019047014662E00D46017C0446D0F8DC
:107B6000B80200290CBF816AC16A0DF1060088477E
:107B70000146022052E000BF027C5AB90446D0F808
:107B8000B8020D46416B0DF106008847014646E0FC
:107B9000027CCAB304465CE00A0665D0426801F084
:107BA00001018A424DD0D1B20446FFF7C1FB2978CA
:107BB000204661602546FFF7C5FE002800F084805E
:107BC000044628468021FFF759FE28460021FFF78A
:107BD00055FE29792846FFF7ABFB022085F89C0269
:107BE000204602B070BD00BF80210446FFF746FE6C
:107BF00020460021FFF742FE29782046FFF798FB38
:107C00000324204602B070BD0446D0F8B8020D46E9
:107C1000016B0DF106008847014607204870EA888D
:107C200072B1BDF806309BB1934238BF1A46ADF829
:107C300006202046FFF7BCFB0024204602B070BDA2
:107C40002046FFF7C3FB0024204602B070BD00BFF2
:107C500020468021FFF712FE20460021FFF70EFE8E
:107C60000024204602B070BD022201F0010180F81C
:107C70009C224160002105460024FFF759FB28465D
:107C8000FFF7A4FB204602B070BD00BF2846FFF7F7
:107C90009DFB032085F89C020024204602B070BDA5
:107CA000D0F8B42252694EE7D0F8B422D2684AE73D
:107CB000D0F8B422126946E7D0F8B422926842E7BD
:107CC000D0F8B42292693EE72846BAE7B0B50A7800
:107CD00012F060020AD0402A01D0202A3DD1D0F80B
:107CE000B8229268BDE8B040104700BF4A780C4601
:107CF00009794AB3012A15D0032A2ED190F89C2283
:107D0000032A13D1628842B911F07F0205D0E288BC
:107D10001AB90446FFF7B2FD2046FFF757FB0020D3
:107D2000B0BD00BF90F89C22032A21D0022A14D1B2
:107D30004A0612D00446FFF7A1FD20468021FFF736
:107D40009DFD0020B0BD00BF90F89C22032A23D0E7
:107D5000022A08BF5FEA416246D080210446FFF74D
:107D60008DFD20460021FFF789FD0020B0BD00BF3A
:107D70006288002A4AD14A0603D00546FFF7B6FBBF
:107D800028460546FFF722FBD5F8B802214682684F
:107D90002846BDE8B040104701F00F0202EB820216
:107DA000802900EB82022CBF928CB2F86421002A59
:107DB000D3D001F07F0202EB820200EB820202F1DB
:107DC000140401EB810200EB8202802938BF02F526
:107DD000AA744A0614D00546FFF77CFC01462846E3
:107DE000002918BF01210CE009064FF014024FF0E2
:107DF000000358BF4FF4AA728118835003E000BFFC
:107E00000021216021460222FFF7D2FA0020B0BDF6
:107E1000B0B50A7812F0600218BF402A16D190F867
:107E20009C22013A022A13D88A8812F0FE0F0FD141
:107E3000D0F8B822054692680C469047E18804467F
:107E4000002908BF002C0FD02046B0BD202AE6D064
:107E500080210446FFF712FD204600210024FFF791
:107E60000DFD2046B0BD00BF2846FFF7AFFA002049
:107E7000B0BD00007047000040F6FC10C2F20000E8
:107E8000704700002DE9F04191F800E00246CD78FE
:107E900030F82E0047F270674FEA4E03032D20EAB8
:107EA000070411D80020DFE805F00307100B00BF1E
:107EB00044F4007409E000BF44F4806405E000BFAE
:107EC00044F4C06401E000BF012048F28007CFF60F
:107ED000FF7744EA070622F8136032F8136040F691
:107EE0000F74264046EA0E06374322F813700F7BC4
:107EF00048F2800C002F51D032F8134040F60F6644
:107F0000344048F28006022D08BF06F580763443DF
:107F100022F81340B2F850400E8902EBCE073C44E1
:107F200026F00106A4F80064B2F850604C8937448A
:107F300024F00106A7F804644F7832F81310002FDC
:107F400056D0490409D532F8131040F60F7739405E
:107F5000614401F5804122F8131032F813104906EC
:107F600008D532F8131040F60F773940614440319C
:107F700022F8131032F8131040F63F7739400CF115
:107F800020074F40012D08BF41EA0C0722F813706B
:107F900032F8131043F60F7751E000BF4F78B2F874
:107FA0005080CC884FEACE06002F24F001074DD038
:107FB00091194144A1F8007432F81310490608D50C
:107FC00032F8131040F60F7739406144403122F8FF
:107FD000131032F8131040F63F77012D01EA070124
:107FE0002ED00CF12007794022F81310BDE8F08163
:107FF000490409D532F8131040F60F77394061442F
:1080000001F5804122F8131032F81310490608D503
:1080100032F8131040F60F7739406144403122F8AE
:10802000131032F8131043F60F7739400CF5405710
:10803000794022F8131032F8131040F63F77394098
:1080400041EA0C0122F81310BDE8F081951905EB07
:108050000804A4F80474B2F8504005F206452E5BFB
:108060006FF39F262E5309693F290BD3CF06675B19
:108070004FEA51164FF0FF3808BF08EB511647EA98
:1080800086210EE061B101F001062F5B06EB510184
:1080900047EA8121295332F8131049040BD414E024
:1080A000295B48F20006CFF6FF763143295332F8B8
:1080B0001310490409D532F8131040F60F7421400B
:1080C000614401F5804122F81310BEF1000F0BD07E
:1080D00032F8131043F60F7739400CF5005779400A
:1080E00022F81310BDE8F081118843F60F7739406C
:1080F0000CF54057794022F81310BDE8F0810000DC
:10810000B0B50C784B78097B024630F824004CF26D
:10811000800C4CF2800500294FEA44013AD0002B34
:1081200042D0400408D532F8110040F60F731840D1
:1081300040EA0C0022F8110032F8110043F60F7EDD
:10814000400640F63F7009D532F8113040F60F7402
:1081500023406344A3F57F5322F8113032F81130E5
:1081600040F60F7423402B43ACF5804522F81130C4
:1081700032F811301840284322F8110032F811006B
:1081800000EA0E006044A0F58043002022F8113080
:10819000B0BD00BFF3B1400640F63F7EEED5ACF572
:1081A0007F5540F60F70E3E7400408D532F8110020
:1081B00040F60F73184040EA0C0022F8110032F824
:1081C0001100ACF57F55400640F63F7E43F60F7038
:1081D000BAD4C3E7400443F60F7ECFD540F60F7004
:1081E000C6E700000146B0F8580040F40042002005
:1081F000A1F858207047000001460120A1F8400076
:1082000000220020A1F84020A1F84420A1F850202D
:10821000704700000146B0F8400044F27F0202407F
:108220000020A1F8402070470A7B0AB10020704767
:1082300080B50A784B7830F822C04FEA4202ABB1E1
:108240005FEA4C6348F2A00E09D530F812C040F640
:108250000F7303EA0C037344203320F81230C978FB
:1082600001291BD040F63F7111E000BF5FEA4C418D
:108270004BF2800E09D530F8121040F60F731940FA
:10828000714401F5805120F8121043F60F7130F857
:108290001230194081EA0E0120F81210BDE880402A
:1082A0000020704702460B78487832F823C040F629
:1082B0003F71002848F2900008BF43F60F71CFF6D7
:1082C000FF7008BF00F57F6001EA0C01414000200B
:1082D00022F82310704700002DE9F04F82B04F784C
:1082E000012F5BD18B690A690F7B934228BF13462C
:1082F000002F7DD0CF780C6A022F40F0C1800D781E
:1083000040F60F6630F825704FEA450E944206EAB3
:10831000070648F2B00C40F2258147F65077F61B6D
:10832000D036A4EB030A20F81E60C1F820A030F874
:108330001E60B0F85070ED0076069EB200EB0508A6
:1083400000F1648108EB0704A4F80234D1F814B0FA
:10835000002E00F019830D890136054405F580696A
:108360004FF0FF3505EB5604C6F34105002D4FEAEB
:10837000560700F0E7815E46CDE9004836F8028BEB
:108380005C46CB46012D2BF8028B40F0DF81DDF8F7
:108390000480013FD946A346E3E200BF0A7B002ADE
:1083A0004AD0CA78012A00F0A180022A40F0C88091
:1083B0000A78002F40F07182B0F85030034403F285
:1083C000024737F832306FF39F2327F832300B69BA
:1083D0003F2BC0F05B81DC064FEA531637F8324082
:1083E0004FF0FF3508BF05EB531644EA86261FE21F
:1083F0001A0400F07F81CA88D1F814E0024402F523
:108400008068012212FA83F24FF0FF37C2F3410471
:1084100007EB520C002C4FEA520200F058817746CD
:1084200037F8025B4646012C26F8025B40F01A81C1
:10843000013ABE46B0464AE18F690B69FA1A38BF65
:1084400000228A61B0F850600A7800EB060101F260
:10845000064131F8326038BF3B466FF39F263F2B11
:1084600021F8326070D3DD0631F832504FEA5317ED
:108470004FF0FF3608BF06EB531745EA8723FFE0AE
:10848000E21A0F780A6230F82720B0F85040FD0059
:10849000520605444FEA470E9AB248F2B00C2C44FB
:1084A00000F19080002AA4F8023400F021830B89A7
:1084B0000132496903444FF0FF34C2F3410503F52B
:1084C000806304EB5208002D4FEA520200F05F81F6
:1084D0000E4636F8024B1F46012D27F8024B40F09E
:1084E0001981013A31463B4651E100BF8A690B6967
:1084F000D61A3CBF002613460A78002F8E6140F042
:108500001982B0F850103F2B014401F2024636F8B0
:1085100032104FEA53146FF39F214FEAC36726F8D6
:108520003210C0F0BF80214636F832504FF0FF3C89
:10853000002F08BF0CEB531145EA8121CAE100BFAF
:10854000012002B0BDE8F08F002B00F0978003F00F
:10855000010731F8326007EB530346EA832321F821
:108560003230E7E147F65072B21A303A20F81E2056
:10857000B0F8502000EBC5031A442304A2F80244CB
:1085800000F0B6820A894969024402F5806301223B
:1085900012FA84F24FF0FF34C2F3410504EB5208A3
:1085A000002D4FEA520200F00E810E4636F8024BC3
:1085B0001F46012D27F8024B40F0B480013A3146A6
:1085C0003B4600E1002AA4F8063400F091824B8972
:1085D0000132496903444FF0FF34C2F3410503F50A
:1085E000806304EB5208002D4FEA520200F007812D
:1085F0000E4636F8024B1F46012D27F8024B40F07D
:108600009980013A31463B46F9E000BF08EB070587
:10861000A5F80634D1F814B0002E00F00D824D8973
:108620000136054405F580694FF0FF3505EB56042A
:10863000C6F34105002D4FEA560700F085805E46DF
:10864000CDE9004836F8028B5C46CB46012D2BF86D
:10865000028B40F08980DDF80480013FD946A346B3
:10866000D7E100BFBEF80250022CA8F8025025D175
:1086700008F104080EF1040E023A28E031F8323015
:1086800043F4004321F8323054E100BF002B00F0E6
:10869000CD8003F0010637F8325006EB530645EA69
:1086A0008626CAE0002B00F0138103F0010136F8A2
:1086B000325001EB530145EA812510E1BEF8044038
:1086C0000EF1060EA8F8044008F10608033ABCF1C2
:1086D000030F0FD3AEF10807A8F1080637F8085FBB
:1086E000043A26F8085F7D887580BD88B580FD88CE
:1086F000F580F3D1B0F850200978024402EBC102B2
:1087000048F2B00CA2F802344FEA410E40F63F7135
:10871000F0E100BF4C88022D5C8033D1043304317A
:10872000023A34E04C88022D5C8047D10433043196
:10873000023A48E04C88022D5C805BD1043304315E
:10874000023A5CE05E460DE15E4663E16688022D1A
:10875000A346A9F8026040F0F98009F104090BF181
:108760000406023FFBE000BF6688022DA346A9F87D
:10877000026040F0438109F104090BF10406023F55
:1087800045E100BF8C8806319C800633033AB8F17E
:10879000030FC0F0AD81A1F10804083B34F8081FB5
:1087A000043A23F8081F61885980A1889980E188DC
:1087B000D98040F63F71F1D19CE100BF8C88063131
:1087C0009C800633033AB8F1030FC0F09181A1F108
:1087D0000804083B34F8081F043A23F8081F61888E
:1087E0005980A1889980E188D98040F63F71F1D104
:1087F00080E100BF8C8806319C800633033AB8F1D3
:10880000030FC0F07581A1F10804083B34F8081F7C
:10881000043A23F8081F61885980A1889980E1886B
:10882000D98040F63F71F1D164E100BF37F8326082
:1088300048F20005CFF6FF752E4327F83260B0F8F6
:1088400050703F2B074407F2064737F832606FF34A
:108850009F2627F832600DD3DC0637F832404FEA06
:1088600053164FF0FF3508BF05EB531644EA862335
:108870000CE000BF43B103F0010637F8325006EBBD
:10888000530345EA832306E037F8323048F2000606
:10889000CFF6FF76334327F83230C969002949D033
:1088A00030F8221044F240031940994201D00029C7
:1088B00040D1510030F8113040F60F773B4048F27C
:1088C000B007CFF6FF773B43103320F8113031E08B
:1088D00036F8321048F20005CFF6FF750D4326F842
:1088E0003250B0F850103F2B014401F2064636F8E2
:1088F00032106FF39F2126F832100BD3002F36F879
:1089000032704FF0FF3108BF01EB531447EA842166
:108910000CE000BF43B103F0010136F8327001EB07
:10892000530147EA812103E036F8321041F4004157
:1089300026F8321042F6D071A1F5E0414FEA420E1E
:10894000A1F5756C43F60F71D4E000BFBBF804507D
:108950000BF10606A9F8045009F10609033FDDF8FA
:108960000480009C032C0FD3083EA9F1080500BF2A
:1089700036F8084F043F25F8084F74886C80B48897
:10898000AC80F488EC80F3D10BEB030600244E613D
:10899000924588BFAAEB03040C62B0F8502088BF50
:1089A0009A4608EB02031FFA8AF2002AA3F806A4EB
:1089B00000F09E804989013201444FF0FF33C2F339
:1089C000410401F5806103EB5208002C4FEA52028A
:1089D0006FD0354635F8023B0F46012C27F8023B95
:1089E00004D1013A2E46394663E000BF7388022C59
:1089F0004B8059D104310436023A5AE0BBF8045096
:108A00000BF10606A9F8045009F10609033FDDF849
:108A10000480009C032C0FD3083EA9F1080500BF79
:108A200036F8084F043F25F8084F74886C80B488E6
:108A3000AC80F488EC80F3D10BEB030600244E618C
:108A4000924588BFAAEB03040C62B0F8502088BF9F
:108A50009A4608EB02031FFA8AF2002AA3F802A43E
:108A600046D00989013201444FF0FF33C2F341047B
:108A700001F5806103EB52084FEA5202ACB3354670
:108A800035F8023B0F46012C27F8023B04D1013A8E
:108A90002E46394629E000BF7388022C4B801FD137
:108AA00004310436023A20E0B38806368B80063162
:108AB000033AB8F1030F1BD3A6F10803A1F1080490
:108AC00033F8081F043A24F8081F598861809988F0
:108AD000A180D988E18040F63F71F1D10AE000BF62
:108AE000B38806368B800631033AB8F1030F0DD2F6
:108AF00040F63F7130F81E20114081EA0C0120F849
:108B00001E10002002B0BDE8F08F00BFA6F10803E0
:108B1000A1F1080433F8081F043A24F8081F598803
:108B200061809988A180D988E18040F63F71F1D1B8
:108B3000E0E70000014600204BF68072A1F84400F7
:108B4000A1F840207047000041F67070C2F20000AA
:108B5000FAF742BCB0F844007047000070B510440A
:108B6000022B00F5806440D34FF0FF32C3F3410580
:108B7000580802EB530C4DB1224632F8026B8E4678
:108B8000012D2EF8026B07D1013815E02246BCF109
:108B9000030F144616D229E06288022D4A8005D1BF
:108BA000221D01F1040E023806E000BFA688A21DB6
:108BB00001F1060E03388E807146BCF1030F144696
:108BC00014D300BF32F8086B043821F8086B32F870
:108BD000066C21F8066C32F8046C21F8046C32F84B
:108BE000026C21F8026CEDD114468E46D8071CBFEA
:108BF00020888EF8000070BD002904BF8021A0F8F5
:108C00004C10002070470000002B08BF7047B0B523
:108C1000104400F5806E581C4FF0FF32C0F3410342
:108C200002EB500C4FEA5000BBB10A4632F8025B2F
:108C30007446012B24F8025B06D101381146A64682
:108C4000BCF1030F0CD21BE04A88022BAEF80220C5
:108C50001AD10EF1040E04310238BCF1030F0FD308
:108C60000839AEF1080200BF31F8083F043822F895
:108C7000083F4B8853808B889380CB88D380F3D177
:108C8000BDE8B040704700BF8A880631AEF80420C6
:108C90000EF1060E0338BCF1030FE1D2F0E700003D
:108CA000FEE700001E2A84BF01207047B0B543884C
:108CB000051DEC5C002C1CBF0220B0BDC3EB4313B0
:108CC000034483F82220233304461846F7F79EFB1B
:108CD000608848F68902411CC0F68802A1FB022385
:108CE00001222A54C3EB0310A1EB40006080002056
:108CF000B0BD000040F2C420C2F2000090ED030AB3
:108D000090ED081A90ED022A90ED093A20EE010A42
:108D100023EE022A30EE420A80ED0A0A90ED020AA2
:108D200090ED081A90ED032A90ED093A20EE010A21
:108D300022EE032A30EE020A80ED0B0A7047000093
:108D400040F2C420C2F2000090ED0C0A90ED0D1A22
:108D500090ED0E2A9FED114A31EE021AB6EE002A6E
:108D600021EE021A30EE410A30EE000AB0EE081A87
:108D700080EE010A80ED040A90ED0D0A90ED0E3AA6
:108D800030EE430A20EE040A20EE020A30EE000A1A
:108D900080EE010A80ED050A704700BFD7B3DD3FC2
:108DA000B0B541F61C4441F66C75C2F20004C2F243
:108DB00000052078297888420AD040F28411C2F256
:108DC000000151F820100EA000F00EF92078287054
:108DD0000138C0B206280FD85721C140C9070BD0AF
:108DE0004BF28431C0F6000131F8101040F600005B
:108DF000C4F60000FAF7B6F800202070B0BD00BF3E
:108E0000427574746F6E2073746174652063686159
:108E10006E67656420746F2025730D0A00000000E2
:108E200041F61C40C2F200000221017070470000B0
:108E300041F61C40C2F2000004210170704700009E
:108E400041F61C40C2F2000004210170704700008E
:108E500041F61C40C2F2000008210170704700007A
:108E6000FAF7A2F8FDF794FEFDF714FAFDF796FB6A
:108E7000FDF7D0FBFDF7C8FAFDF772F9FDF79AFA96
:108E800042F2FC20C2F20000FCF7CEFAFDF7F0F847
:108E9000F8F720FD42F2B024C2F20004204600217F
:108EA000FCF7BCFF20460421FCF7B8FF2046082150
:108EB000FCF7B4FF20460C21FCF7B0FF2046002150
:108EC000FCF79AF920460421FCF796F92046082180
:108ED000FCF792F92068C16A0A39016441F6007012
:108EE000C2F20000F9F7D0F8F8F7CEFBFDF728F949
:108EF000FDF7CEFB40F210259FED2D8A9FED2D9AB8
:108F00009FED2DBAC2F200059FED280AB3EE04AA28
:108F100005F12800F7EE002AF0EE480AB0EE491AF3
:108F2000F0EE4A1AB0EE4B2AFDF72CFC9FED230A17
:108F300005F14800F1EE042AF0EE480AB0EE491AB5
:108F4000F0EE4A1AB0EE4B2AFDF71CFC40F2B434A6
:108F5000C2F200049FED1A0ADFED1A0A9FED1A2AE9
:108F6000F0EE082A2046B0EE491AF0EE491AFDF755
:108F700009FC9FED160A9FED162ADFED162A04F173
:108F80002000B2EE041AF0EE490AF0EE491AFDF79D
:108F9000F9FB0120E86010A000F026F800F030FD99
:108FA000FFF7FEFE00F0E4FCF8E700BF5917373C7E
:108FB000BBF260420000000017B7D138E449523CD0
:108FC0000AD7233C8FC2F53C17B7513900004842FD
:108FD00017B7D13900009643736574757020646FBC
:108FE0006E650D0A0000000083B010B581B042F23A
:108FF0004834844603A8C2F200040EC003AB2046E6
:10900000642162460093F7F7E3F96328A8BF632061
:109010000021215481B22046F8F7E6FC01B0BDE8FA
:10902000104003B07047000040F2C420C2F20000BC
:1090300090ED040A90ED031A90ED052A90ED023AA6
:1090400020EE010A22EE032A30EE020A80ED060A23
:1090500090ED040A90ED021A90ED052A90ED033A86
:1090600020EE010A22EE032A32EE400A80ED070AC2
:109070007047000010B540F2C424C2F2000494ED21
:10908000010A01F06DFB84ED020A94ED010A01F082
:1090900067FA84ED030A10BD40F2C4200021C2F239
:1090A0000000C4F24011C16342F2B021C2F20001DB
:1090B00009689FEDCA1A91ED0B0A0021B8EE400A2B
:1090C00080ED100A41648164C16490ED0B0AB5EE35
:1090D000400AF1EE10FAC8BF012190ED0A0A90EDA6
:1090E0000B2A20EE010A30EE422AB6EE000A22EEEA
:1090F000002AB5EE402AF1EE10FAC8BF023190ED19
:109100000A3A9FEDB72A90ED0B4A23EE023A33EE6E
:10911000443A23EE003AB5EE403AF1EE10FAC8BFF9
:1091200004310139042900F2C180DFE801F0039B1A
:1091300053772F0090ED0A1A90ED0B2A90ED103A1C
:1091400090ED0F4AFFEE080A83EE043A90ED0A4ACA
:1091500090ED0B5A90ED106A90ED0F7A21EE201AE7
:1091600086EE076A9FEDA07A22EE072A31EE021AF8
:1091700025EE072A21EE031AB7EE083A24EE033A49
:1091800033EE022A22EE062AB8E000BF90ED0B2A49
:1091900022EE011A90ED102A90ED0F3A90ED0A4A56
:1091A00090ED0B5A90ED106A90ED0F7A21EE021AB5
:1091B00086EE072A81EE031A9FED8A3A25EE033ADE
:1091C000BFEE085A24EE054A34EE033A22EE032A93
:1091D00094E000BF90ED0A3A90ED0B4A90ED102A12
:1091E00090ED0F5A90ED0B6A82EE055A90ED102A21
:1091F00026EE011A90ED0F6A21EE021A81EE062A80
:109200009FED781A24EE011AB7EE084A23EE043ACD
:1092100033EE011A25EE011A70E000BF90ED0B1A33
:1092200090ED103A90ED0F4A21EE021A90ED0A2AC5
:1092300090ED0B5A90ED106A90ED0F7A21EE031A23
:1092400086EE073A81EE041A9FED674A25EE044A3E
:10925000BFEE085A22EE052A32EE042A22EE032A35
:109260004CE000BF90ED0A1A90ED0B3A90ED104AD9
:1092700090ED0F5A84EE054A90ED0B5A90ED106A6E
:1092800025EE022A90ED0F5A22EE062A82EE052ADA
:109290009FED555A23EE053AB7EE085A21EE051A0E
:1092A00031EE031A21EE041A28E000BF90ED0A1AED
:1092B00090ED0B2A90ED103A90ED0F4AF7EE080A68
:1092C00083EE043A90ED0A4A90ED0B5A90ED106A45
:1092D00090ED0F7A21EE201A86EE076A9FED427A12
:1092E00022EE072A31EE021A25EE072A21EE431A52
:1092F00024EE203A33EE422A26EE022A90ED104A5E
:1093000032EE013AB4EE443AF1EE10FA0DDD81EEA0
:10931000031A82EE032A90ED103A90ED104A21EEE6
:10932000031A22EE042A32EE013A90ED104A052982
:1093300088BF704734EE433AB5EE004A23EE043A54
:1093400021EE001A31EE034A22EE000A30EE040A42
:10935000B0EE441AB0EE432ADFE801F00A04202CF4
:10936000123200BFB0EE431AB0EE402AB0EE440A0B
:1093700080ED111A80ED122A80ED130A704700BFAC
:10938000B0EE401AB0EE432AB0EE440A80ED111A56
:1093900080ED122A80ED130A704700BFB0EE431A29
:1093A000B0EE442A80ED111A80ED122A80ED130AE6
:1093B000704700BFB0EE401AB0EE442A04E000BF90
:1093C000B0EE441AB0EE402AB0EE430A80ED111A16
:1093D00080ED122A80ED130A704700BFD7B3DD3F3E
:1093E000D7B3DDBFD7B35DBFD7B35D3F2DE9F04F36
:1093F00089B040F2F430C2F2000040F27826471CF7
:109400000024C2F200064FF0010B0DF115090025F2
:1094100010E000BF8AF810B08AF80C409AF81400E7
:1094200030B39AF810000135042D07F110078AF8BF
:1094300014007BD017F8010C06EB050A0128EDD1CA
:109440009AF80C0097F800800130C1B21E298AF802
:109450000C00E3D3E8B28AF80C40F8F7EFFA0028E2
:10946000D8D19AF81800D8B18AF81040D6E700BFD2
:109470009AF810000128D4D19AF818000028D0D109
:109480003878B8B101283AD106EB4500008CA0F13C
:109490003C0189084A291FD88DF81550012021E088
:1094A000B8F1010F0ED19AF8140001280AD18AF8F8
:1094B00010400AE006EB4500008C00B302208DF856
:1094C00015500FE0B8F1000F1ED006EB4500018CDF
:1094D0001E310184A2E700BFB0F5B47F0FD38DF831
:1094E0001550002003218DF8170040F234408DF80C
:1094F0001610C2F2000049460322FFF7D3FB06EB29
:10950000450004848DE700BF06EB4500018C00296F
:1095100008BF8AF810401E31B7F801208BB2934281
:10952000018428BF8AF810B078E700BF0DF1180851
:1095300008F1020A4FF000094FF0010E4FF0000B46
:10954000CDF804A017E000BF407AC9B2081AB0FAFB
:1095500080F0400906F80B004FF0000906EB0B0401
:10956000E07878B316F80B000BF1010BBBF1030F99
:10957000E07000F0F9810BEB4B0006EB800010F877
:10958000281F0129EAD1C179012935D00029E5D167
:10959000D0E90031806813F47F4FCDE9063108909F
:1095A00050D006EB0B074FF0FF30B97950FA93F229
:1095B000032AC3F3012451D20023002C40F0A480DD
:1095C000CFE000BF16F80B000128CBD104208DF8A6
:1095D0001500FF208DF8170040F23440C2F2000061
:1095E0000DF1150103228DF816B0FFF75BFB4FF06C
:1095F000010E84F80690B5E7D0E90021836806EBF8
:109600000B00CDE9062190F9061008930029C9B294
:109610001CD43F2900F2B2801F2900F2B7800F2925
:1096200000F2BC80072900F2C1800225022938BF60
:109630000D46032988BF0325130ADAB295428DD857
:10964000BAE000BF06EB0B0081798BE00825130A16
:10965000DAB295423FF682AFAEE000BFC3F3072314
:10966000A3EB040A6FF00305CDE9037B029400BF6E
:1096700008EB0507BA7906F110002C1D825C434601
:1096800097F807800EFA04FC4FF0010921EA0C0E4E
:10969000002A05F1050297F808B07F7A08BF41EA71
:1096A0000C0E10F8081009FA02F2B4462EEA02066F
:1096B000002908BF4EEA02064FF0010EAA1D10F85D
:1096C0000B100EFA02F2984626EA0203002908BFA0
:1096D00046EA0203C05DE91D0EFA01F223EA020127
:1096E000002805F10800664608BF43EA020150451C
:1096F0002546BDD10DF1080B231DDDF804A09BE824
:1097000090084FF0000964B31AF803000EFA03F250
:109710003044007C21EA0205002808BF41EA020526
:10972000012C29461DD003EB0A0C9CF801000221F4
:109730003044007C01FA03F225EA0201002808BF48
:1097400045EA0201022C0CD09CF8020004223044AD
:10975000007C9A4021EA0203002808BF41EA020384
:109760001946B97106EB0B00407AC9B2081AB0FA73
:1097700080F0400906F80B00F0E600BF0725130A49
:10978000DAB295423FF6EAAE16E000BF0625130AAC
:10979000DAB295423FF6E2AE0EE000BF0525130AAD
:1097A000DAB295423FF6DAAE06E000BF0425130AAE
:1097B000DAB295423FF6D2AE1F067BD034469DF812
:1097C0001A605F1EFFB22644BD4238BF2F46367C6A
:1097D00001F0FE01B6FA86F676097D1C002F3144B1
:1097E0006ED09DF81B7001F0FD0127443F7C5FFAAD
:1097F00085FCB7FA87F77F09BCF1020F41EA470100
:1098000026465ED09DF81C7001F0FB0137443F7C7A
:10981000BCF1030FB7FA87F74FEA571741EA870100
:109820004FD09DF81D7001F0F70137443F7CBCF12B
:10983000040FB7FA87F74FEA571741EAC70140D03C
:109840009DF81E7001F0EF0137443F7CBCF1050F1D
:10985000B7FA87F74FEA571741EA071131D09DF859
:109860001F7001F0DF0137443F7CBCF1060FB7FAEF
:1098700087F74FEA571741EA471122D09DF8207029
:1098800001F0BF0137443F7CBCF1070FB7FA87F7FF
:109890004FEA571741EA871113D09DF8217001F064
:1098A0007F0137443F7CB7FA87F77F0941EAC71148
:1098B00007E000BF0025ECB29442BFF445AE05E0DE
:1098C00026468171ECB29442BFF43EAE5B1B13F0AE
:1098D00003031FD01AF80470651C37443F7C002F27
:1098E00004BF00218171012B15D01AF80570A51C49
:1098F00037443F7C002F04BF00218171022B0AD026
:109900001AF80530E51C33441B7C002B04BF0021F2
:10991000817100E02546A31A13F1040F3FF614AE3F
:10992000521B0AEB050300BF1F7837443F7C002F12
:1099300004BF002181715F7837443F7C002F04BF52
:10994000002181719F7837443F7C002F04BF0021A4
:109950008171DF78043337443F7C002F04BF00213E
:109960008171043AE0D1EFE509B0BDE8F08F000065
:1099700080B582B000208DF8040040F23440C2F27D
:1099800000000DF1050101AAFDF7BCF8A8BB9DF888
:109990000400032831D19DF80600022809D840F2BE
:1099A000782100EB4000C2F2000101EB8000006B67
:1099B00010BB9DF8050003281FD89DF8071099B12A
:1099C000022909D0012918D140F2F431C2F2000174
:1099D00001EB001080680EE040F2F431C2F20001A9
:1099E00001EB0010C06806E040F2F431C2F2000161
:1099F00001EB0010406800B1804702B080BD00005C
:109A000070B542F63440C4F2010090ED000A41F610
:109A10002041B8EE400AC2F2000181ED000A90ED4B
:109A2000010A41F62441B8EE400AC2F2000181ED7C
:109A3000000A90ED020A41F62840B8EE400AC2F250
:109A4000000041F62C4680ED000A40F2B430C2F22C
:109A50000006C2F20000318882694B1C42F2AC3031
:109A6000C2F20000140A8D1C9BB2C454130CCC1C0F
:109A7000ADB242544355120EA5B2425540F26C327B
:109A8000C2F200020B1D12684D1D9BB2C254130A94
:109A9000ADB24355CD1D8C1D130C120EADB2A4B248
:109AA000425540F270320355C2F2000201F1080340
:109AB000126801F109059BB2C254130AADB24355B5
:109AC00001F10B0501F10A04130C120EADB2A4B2A0
:109AD000425540F2F4220355C2F2000201F10C0398
:109AE000126801F10D059BB2C254130AADB2435581
:109AF00001F10F0501F10E04130C120EADB2A4B268
:109B0000425540F2F8220355C2F2000201F110035F
:109B1000126801F111059BB2C254130AADB243554C
:109B200001F1130501F11204130C120EADB2A4B22F
:109B3000425540F2FC220355C2F2000201F1140327
:109B4000126801F115059BB2C254130AADB2435518
:109B500001F1170501F11604130C120EADB2A4B2F7
:109B6000425540F2D4220355C2F2000201F118031B
:109B7000126801F119059BB2C254130AADB24355E4
:109B800001F11B0501F11A04130C120EADB2A4B2BF
:109B9000425540F2D8220355C2F2000201F11C03E3
:109BA000126801F11D059BB2C254130AADB24355B0
:109BB00001F11F0501F11E04130C120EADB2A4B287
:109BC000425540F2DC220355C2F2000201F12003AB
:109BD000126801F121059BB2C254130AADB243557C
:109BE00001F1230501F12204130C120EADB2A4B24F
:109BF000425540F2E0220355C2F2000201F1240373
:109C0000126801F125059BB2C254130AADB2435547
:109C100001F1270501F12604130C120EADB2A4B216
:109C2000425540F2E4220355C2F2000201F128033A
:109C3000126801F129059BB2C254130AADB2435513
:109C400001F12B0501F12A04130C120EADB2A4B2DE
:109C5000425540F2E8220355C2F2000201F12C0302
:109C6000126801F12D059BB2C254130AADB24355DF
:109C700001F12F0501F12E04130C120EADB2A4B2A6
:109C8000425540F24C320355C2F2000201F130035A
:109C9000126801F131059BB2C254130AADB24355AB
:109CA00001F1330501F13204130C120EADB2A4B26E
:109CB000425540F258320355C2F2000201F134031A
:109CC000126801F135059BB2C254130AADB2435577
:109CD00001F1370501F13604130C120EADB2A4B236
:109CE000425540F234320355C2F2000201F138030A
:109CF000126801F139059BB2C254130AADB2435543
:109D000001F13B0501F13A04130C120EADB2A4B2FD
:109D1000425540F250320355C2F2000201F13C03B9
:109D2000126801F13D059BB2C254130A01F13E04D1
:109D3000ADB24355130C01F13F05A4B20355120E09
:109D400001F14003ADB2425501F141029BB2002442
:109D5000C45401F1420392B2845401F143029BB214
:109D600080254431C554318092B27F2389B2835417
:109D7000F7F73AFE348070BD5FEA400C08BF91F0FF
:109D8000000F4FEA8C234FEAC12243EA51514FEAB8
:109D90001C5018BF00F5F0404FEA300018BF41F0EA
:109DA00000415FEA6C5C00F02980BCF1FF3F08BF16
:109DB00040F080407047130C06BF12044FF0100CA7
:109DC0004FF0000C130E04BF12020CF1080C130F1D
:109DD00004BF12010CF1040C930F04BF92000CF1AC
:109DE000020CD30F04BF52000CF1010C11464FF0CE
:109DF0000002A0F11F00A0EB0C00704711F0004F13
:109E000008BF704731F000413FF4D5AF0B0C06BFDF
:109E100009044FF0100C4FF0000C0B0E04BF0902A8
:109E20000CF1080C0B0F04BF09010CF1040C8B0F93
:109E300004BF89000CF1020CCB0F04BF49000CF1E8
:109E4000010CCCF1200322FA03F341EA030102FAE8
:109E50000CF2A0EB0C0000F10100704723F07F47EB
:109E600020F07F4C80EA030000F00040ACEB0703D9
:109E700003F57C5303F1FF032DE9804909B44FEA50
:109E8000144324EA03484FEA154B25EA0B4E0FF220
:109E9000042606EB13273E7803FB0667C7F5000789
:109EA00007FB06F64FEAD64606F102064FEA54379C
:109EB00007FB066CCCF1005C4FEA1C472CEA074C10
:109EC0000CFB06F507FB06F404EB15464FEA961665
:109ED00049085FEA320234BF00204FF000404FEAE9
:109EE000D13706FB07FC4FEA1C4C0CFB0BF7D21BCF
:109EF00003FB0CF761EB07010CFB0EF7B0EB07401F
:109F000072EB17420CFB08F734BFA2EB0742B2EB2F
:109F1000074261EB17414FEA0C444FEA910706FBF9
:109F200007FC4FEA1C4C0CFB0BF7B0EBC74072EB85
:109F3000573203FB0CF734BFA2EBC742B2EBC74268
:109F400061EB57310CFB0EF7B0EBC70072EB5772A9
:109F50000CFB08F734BFA2EBC702B2EBC70261EB00
:109F600057714FEA816141EA92114FEA826242EAF7
:109F700090124FEA806004EBCC04039F4FEAD13784
:109F800006FB07FC4FEA1C4C0CFB0BF7D21B03FB38
:109F90000CF761EB07010CFB0EF7B0EB074072EB1F
:109FA00017420CFB08F734BFA2EB0742B2EB0742A3
:109FB00061EB17414FEA8C5504EB9C244FEA910763
:109FC00006FB07FC4FEA1C4C0CFB0BF7B0EBC74041
:109FD00072EB573203FB0CF734BFA2EBC742B2EB74
:109FE000C74261EB57310CFB0EF7B0EBC70072EBC9
:109FF00057720CFB08F734BFA2EBC702B2EBC702E3
:10A0000061EB57714FEA816141EA92114FEA826236
:10A0100042EA90124FEA806015EB4C2544F10004AF
:10A020004FEAD13706FB07FC4FEA1C4C0CFB0BF741
:10A03000D21B03FB0CF761EB07010CFB0EF7B0EB37
:10A04000074072EB17420CFB08F734BFA2EB074244
:10A05000B2EB074261EB17414FEA813141EA92418D
:10A060004FEA823242EA90424FEA80304FEA0C7661
:10A0700015EB1C1544F1000448EA03434EEA0B4873
:10A080004FF0000EB2EB080C71EB030724BF6246E1
:10A0900039464EEB0E0E4FF0000B0018524149416D
:10A0A0004BEB0B0BB2EB080C71EB03077BF1000BD6
:10A0B00024BF624639464EEB0E0E4FF0000B0018DF
:10A0C000524149414BEB0B0BB2EB080C71EB030710
:10A0D0007BF1000B24BF624639464EEB0E0E51EA6F
:10A0E000020718BF46F0010616EB0E7655F1000286
:10A0F00054F1000103D5BDE88901BDE80088BDE841
:10A100008901BDE80048B619524141EB0101A3F1B4
:10A110000103704780807F7E7D7C7B7A79787776BB
:10A1200076757473727171706F6E6E6D6C6C6B6A34
:10A130006A696868676666656464636362616160D2
:10A14000605F5F5E5E5D5D5C5C5B5B5A5A5959584F
:10A1500058575756565555555454535352525251B9
:10A16000515050504F4F4F4E4E4D4D4D4C4C4C4B0F
:10A170004B4B4A4A4A494949484848474747474656
:10A180004646454545444444444343434342424292
:10A19000424141419C46002B30D477002BD04FEAFE
:10A1A00037071CB503B44FF010004FF01001BAF19F
:10A1B000000F06D0BCF1000FDCBF40F0080040F0FB
:10A1C00008014FF000000FBCBDE810400BF1010B7F
:10A1D000BBF1010F08BF5FEA170722BF12F10102AE
:10A1E00011F101014FF0004143F1000300F0004084
:10A1F00043EA00007047F9D35708D0E746EA06461D
:10A200004FEA164613F1400F1FDD13F1200FDFBF99
:10A2100016430A46002120335B42BED0C3F120071B
:10A2200046EA06464FEA164602FA07F746EA0706E6
:10A2300022FA03F2C3F1200701FA07F742EA070204
:10A2400021FA03F14FF00003A7E746EA020646EAC7
:10A2500006464FEA164646EA0106BCBF46EA0646EF
:10A26000360C4FF000034FF000024FF0000194E76E
:10A270002DE9804C70B49A46934691E8380007C89F
:10A2800031EA400C48BF34EA430C03D5FFF7E6FD42
:10A29000FFF780FFF0BCBDE8008C2DE9804C70B466
:10A2A0009A46934691E8380007C810F0804F08BFDF
:10A2B00013F0804F03D100F005F8FFF76BFFF0BCFF
:10A2C000BDE8008C20F07F4723F07F4C80EA03003C
:10A2D00000F0004007EB0C03A3F57C53A3F1FE0351
:10A2E00092F0000F00F0B38095F0000F00F077803F
:10A2F0002DE901494FEA114021EA00484FEA14468E
:10A3000024EA064700FB06FC08FB06F607FB08F8F4
:10A3100018EB06484CEB164C00FB07F718EB074808
:10A320004CEB17404FEA124B22EA0B4E4FEA154610
:10A3300025EA06470BFB06FC0EFB06F607FB0EFEA6
:10A340001EEB064E4CEB164C0BFB07F71EEB074EB5
:10A350004CEB174B18EB0B0840F1000018EB0E0B01
:10A3600058EB000840F100008F1A4FF000014FF049
:10A3700000063CBFC943661B14BFB5EB040C0021AB
:10A380003CBFC943F61B4FEA174427EA04454FEA8E
:10A390001C472CEA074C04FB076205FB07F70CFB84
:10A3A00005F616EB074642EB174204FB0CFC16EBD6
:10A3B0000C4642EB1C421BEB060658EB02024141E5
:10A3C0004EEA8E0E46EA9E0601D5BDE80189B61911
:10A3D000524141EB0101A3F10103BDE801894FEABC
:10A3E000144524EA05464FEA114721EA074C05FBCC
:10A3F00007F406FB07F70CFB06F111EB074144EBF2
:10A40000174405FB0CFC11EB0C4144EB1C444FEAD8
:10A41000124722EA074C05FB07F206FB07F70CFB85
:10A4200006F616EB074642EB174205FB0CFC16EB53
:10A430000C4642EB1C456A1854F1000148BF7047B6
:10A44000B619524141EB0101A3F10103704795F0A8
:10A45000000F37D04FEA114221EA02464FEA144773
:10A4600024EA074C02FB07F106FB07F70CFB06F496
:10A4700014EB074441EB174102FB0CFC14EB0C44BA
:10A4800041EB1C414FEA154725EA074C02FB07F553
:10A4900006FB07F70CFB06F616EB074645EB1745E0
:10A4A00002FB0CFC16EB0C4645EB1C42121951F159
:10A4B000000148BF7047B619524141EB0101A3F1B9
:10A4C000010370474FEA144524EA05464FEA114755
:10A4D00021EA074C05FB07F106FB07F70CFB06F228
:10A4E00012EB074241EB174105FB0CFC12EB0C424F
:10A4F00051EB1C414FF0000648BF7047921841EBEA
:10A500000101A3F10103704703B4019841000098D1
:10A5100050EAC12018BF04204A0D18BF40F00100C6
:10A5200040F2FF72B2EB515F08BF40F00200012819
:10A5300008BF052002B070474100080218BF042080
:10A540000A0E18BF40F001004FF07F4232EA0101CD
:10A5500008BF40F00200012808BF05207047000036
:10A5600010EE101A08B5444A6846B2EB410F28D9DC
:10A570004FF0E640B0EB410F94BF00204FF0FF30AA
:10A5800000900098002861DB60EE000A10F0010FD7
:10A5900045D010F0020FDFED391A9FED391A00EEA9
:10A5A000A11ADFED381A40EE811A21EEA01AF0EE62
:10A5B000400A40EE010A08BFF1EE600AB0EE600A00
:10A5C00008BD314B21F0004293423CD911F0004FBD
:10A5D000DFED2E0A20EE201ADFED2D0A19BF31EE35
:10A5E000601A71EE200A31EE201A71EE600ABDEE9B
:10A5F000E01A11EE100A9FED271A00F0030000EE9A
:10A60000C10A9FED251A009000EEC10A9FED231AA2
:10A6100000EEC10A9FED221A00EEC10AB1E79FEDDC
:10A62000211A9FED210A10F0020F00EE810A9FED22
:10A630001F1A00EE801AB7EE000A00EE810A18BF5A
:10A64000B1EE400A08BD00F067F99AE710EE100A73
:10A650004000B0F17F4F3CBFB7EE000A08BD07D104
:10A660004FF00100F5F768FFBDE8084000F044B97D
:10A67000BDE8084000F03CB9B61F927E336D4CB97E
:10A68000DA82083CA0AA2ABE490E494683F9223F35
:10A690000000004B0000C93F00A0FD390020A2339C
:10A6A0001A61342CB93AB2BACA9F2A3DDDFFFFBE07
:10A6B00010B52DED028BF0EE408A18EE900AB0EE48
:10A6C000608A20F00040C0F1FF40C00F07D118EEB3
:10A6D000100A20F00040C0F1FF40C00F2BD018EE50
:10A6E000101A18EE900A00F039FD00EE100A10EE74
:10A6F000100A6FEAD05010F0FF0F04BFBDEC028BC0
:10A7000010BD18EE900A00F0004110EE100A00F0A3
:10A710000040814204BFBDEC028B10BD18EE101A40
:10A7200010EE100ABDEC028B61F31E0000EE900AE1
:10A7300030EE600A10BD18EE900A4FF07F41B1EB89
:10A74000400F1CBF18EE100A5FEA4000C7D101207D
:10A75000F5F7F2FEBDEC028BBDE8104000F0CCB87E
:10A7600000B510EE101A2DED028B81B0524A6846EA
:10A77000B2EB410F2ED94FF0E640B0EB410F94BF42
:10A7800000204FF0FF3000900098B0EE408A002883
:10A790006ADB10F0010F4BD068EE080A9FED471AF4
:10A7A0009FED470A00EE810A9FED461A10F0020F56
:10A7B00000EE801AB7EE000A00EE810A02BF01B077
:10A7C000BDEC028B00BD00BF01B0B1EE400ABDEC94
:10A7D000028B00BD3C4B21F00042934241D911F065
:10A7E000004FDFED3A0A20EE201ADFED390A19BFDB
:10A7F00031EE601A71EE200A31EE201A71EE600A15
:10A80000BDEEE01A11EE100A9FED321A00F00300BF
:10A8100000EEC10A9FED301A009000EEC10A9FEDD4
:10A820002F1A00EEC10A9FED2E1A00EEC10AABE707
:10A8300028EE080A9FED2B1ADFED2B0A10F0020F0D
:10A8400040EE010A9FED291A00EE201A61EE000A7F
:10A85000B0EE480A08EE200AB6D101B0BDEC028B7A
:10A8600000BD00F059F88FE718EE100A4000B0F173
:10A870007F4F0DD218EE100AFFF75EFE042808BFC6
:10A8800000F042F8B0EE480A01B0BDEC028B00BD0A
:10A8900009D10120F5F750FE01B0BDEC028B5DF847
:10A8A00004EB00F029B801B0B0EE480ABDEC028B11
:10A8B0005DF804EB00F01CB8B61F927EB93AB2BA4C
:10A8C000CA9F2A3DDDFFFFBE490E494683F9223F5C
:10A8D0000000004B0000C93F00A0FD390020A2335A
:10A8E0001A61342C336D4CB9DA82083CA0AA2ABE16
:10A8F00030EE000A70470000DFED020A80EEA00A89
:10A9000070470000000000009FED020A20EE000AE0
:10A9100070470000000000102DE9F0014FF07F4269
:10A92000B2EB410F9FBF4FF0FF310160BDE8F00176
:10A9300070474FF0004242EA0123C1F3C752783A10
:10A94000551112F01F0C434CCCF120067C44C1F38E
:10A95000C752A2F178024FEA621204EB820254F865
:10A96000254008BFD2E9015612D0556804FA0CF40C
:10A9700025FA06F73C43976805FA0CF527FA06F81E
:10A98000D26807FA0CFCF24045EA08054CEA0206D8
:10A99000A4FB034CA5FB0352A6FB03631D449D428D
:10A9A00034BF012600261319334416B1934202D94D
:10A9B00003E0934201D2012200E00022624402F14E
:10A9C000200C9206DC0C42EA443200EE102A5B03B3
:10A9D000DFED210AF8EEC01A00EE103A4FEA9C1C97
:10A9E00011F0004FB8EE400AC0F800C020EE201A67
:10A9F00000EE105ADFED190AB8EE400A20EE200AE8
:10AA000071EE810A70EE800A10EE902A02F5006263
:10AA10006FF30B0200EE902A70EEE11A31EEC11ACC
:10AA2000DFED101A30EE411A9FED0D0A20EE800A7C
:10AA300001EE210A9FED0C1A00EE810A04BFBDE869
:10AA4000F0017047CCF180510160BDE8F001B1EE3A
:10AA5000400A704758090000000000360000802CB2
:10AA600022AAFD29DB0FC92F0000C92F30380A2880
:10AA700001D20120704700207047000010B5002966
:10AA80000AD00878002807D005487844F6F7B0FDCA
:10AA9000002801D0002010BD0248784410BD0000FD
:10AAA000FE090000F609000010B500290AD0087858
:10AAB000002807D005487844F6F79AFD002801D011
:10AAC000002010BD0248784410BD0000EE090000CF
:10AAD000E609000021F0004201F00043A2F16052BB
:10AAE000B2F5801F28BFD2F17F6C0BD95FEA001C42
:10AAF00043EAC20242EB507018BF704728BF20F0F3
:10AB000001007047B2F5801FBCBF184670474FEA7E
:10AB1000410C1CF5001F02D2084600F099BB70B52D
:10AB200000F05CF900000089FFF7F6BF4FF000402D
:10AB3000A0F580007047000010B591EA030F48BFF0
:10AB400083F0004300F1A681841A71EB030C05D257
:10AB5000121943EB0C03001B61EB0C014FEA11547B
:10AB6000A4EB135CDFF81CE11EEA430F18BF9EEA5A
:10AB7000445F00F0748021EA045123EA0E0343F499
:10AB80008013DCF1200E32D322FA0CFE10EB0E0003
:10AB900023FA0CFE41EB0E01CCF1200E03FA0EFE5F
:10ABA00010EB0E00CCF1200E51F10001B1F5801F29
:10ABB00032D201EB045112FA0EF2BDE8104058BF38
:10ABC0007047401C38BF5FEA420218BF7047002838
:10ABD00014BF20F0010041F100014FEA410313F5D9
:10ABE000001F38BF7047A1F1C04100F045B9012AEC
:10ABF00043EB0302ACF1200CDCF11F0E32BF4FF02F
:10AC0000000E23FA0CF310EB030041EB0451B4EBFC
:10AC1000115FD0D0A1EB045101F58011490801EB7F
:10AC200004515FEA30000ED350F1000038BF12FA31
:10AC30000EFE08D1BDE81040C9E7401C38BF5FEAEE
:10AC40004202CAD1C3E7BDE810404FEA410313F501
:10AC5000001F38BF7047A1F1C04100F00DB99EEA56
:10AC6000445F08D011EA5E0FBDE8104004BF01F058
:10AC7000004100207047BDE8104070B500F0AEF80C
:10AC800064FBBE3E0000E0FF70B5DFF848C11CEA7F
:10AC9000111E1EBF1CEA13159EEA0C0F95EA0C0F3D
:10ACA00000F06F8081EA03044EEAD47EAE4421EACC
:10ACB0004C1123EA4C1341F4801143F48013AEF19C
:10ACC0007F7EA1FB024CA0FB0365361955EB0C05FA
:10ACD000A1FB034C4CF10003A0FB021C16EB0C067D
:10ACE000654153F10003094218BF46F0010613F411
:10ACF000007F0BD14FEA03314FEA053041EA15518D
:10AD000040EA165034036FF003020AE04FEAC32111
:10AD10004FEAC52041EA555140EA5650F4026FF01F
:10AD2000020202EB2E4201EB025585EACE710AD0F7
:10AD30005FEA440C18BF24F0004450F1000041F1D8
:10AD4000000120EAD47040F2FE7C624500D270BD62
:10AD5000A84214BF4FF080444FF04044002E08BF7B
:10AD60000024BEF1806FA8BFA1F1C041BDE87040D2
:10AD700080F2828001F1C04101F000414FF00000FB
:10AD800070470CEA13159EEA0C0F18BF95EA0C0FDA
:10AD900006D081EA030E4FF000000EF0004170BDB6
:10ADA00000F01CF88900013E00F007B800F009B877
:10ADB0004FEA430C5FEA5C5C08D081EA030100F0D3
:10ADC0005BB84FEA410C5FEA5C5CF6D102494FF098
:10ADD000000070470000FF070000F87F0EF1020E30
:10ADE0002EF0030E5EF8046B364205D4012A43EBC5
:10ADF000030515F5001F12D8012841EB010C1CF5C5
:10AE0000001F0CD80ED14FEAD17C0CEB4C0C0CF18E
:10AE1000020C15F5001F08BF4CEBD37C04E04FF08B
:10AE2000080C01E04FEAD37C0CEB4C0526FA05F642
:10AE300006F00706B6F1040C06D20EEB860CBDE850
:10AE400070404CF0010C6047DFE80CF0090B020287
:10AE50004FF00041A1F500214FF0000070BD1946F0
:10AE60001046012851EB010418BFD4F5001484BF2B
:10AE7000002001F0004170BD0808A0F500114FEA64
:10AE80003101704710B591EA030F48BF83F00043CA
:10AE90003FF55AAE841A71EB030C07D28CF0004CCC
:10AEA000121943EB0C03001B61EB0C014FEA115428
:10AEB000A4EB135CDFF8A4E11EEA430F18BF9EEA7F
:10AEC000445F00F0B48021EA045123EA6E03524249
:10AED000C3EB6E0338BF5B1EDCF1200E25D322FAD4
:10AEE0000CFE10EB0E0043FA0CFE41EB0E01CCF110
:10AEF000200E03FA0EFE10EB0E00CCF1200E51F1E5
:10AF0000000129D401EB045112FA0EF2BDE8104001
:10AF100058BF7047401C1CBFB2F1004F704700285B
:10AF20000CBF491C20F00100704712EB020E43EBEE
:10AF3000030218BF4FF0010E4EEA4202ACF1200CA2
:10AF4000DCF11E0E56D943FA0CFE10EB0E00CCF1CC
:10AF50001E0E51F1FF31D5D50EF1010E12FA0EFE83
:10AF6000404141EB010101EB445C5FEA5C5C10D9BC
:10AF700001EB045110EBDE7038BFBEF1004FBDE8AD
:10AF8000104018BF704700280CBF491C20F001007A
:10AF9000704734D24FEAD42C24F4006411F5001128
:10AFA0001BD0B1FA81F20B3AA41AA41ED2F12003ED
:10AFB000914030FA03F31943904001EBCC7101EB5F
:10AFC0000451002CBDE81040A8BF704701F1C041FA
:10AFD00001F000414FF000007047B0FA80F310FA22
:10AFE00003F102D1BDE810407047E41A173C480550
:10AFF000C90AE2E701EB0451BDE81040704749106F
:10B000004FEA300001EB0451BDE8104002E04FF080
:10B01000000170474A0008BF0042F8D0B2F5001F97
:10B0200028BF704701F000414FF0000070479EEAD2
:10B03000445F07D011EA5E0FBDE8104004BF002155
:10B0400000207047BDE8104070B5FFF7C7FE00BF95
:10B0500040DFF63E104683F0004170470000E0FFFD
:10B0600043004FEAD30C4FEA3C0C43401FBF40075C
:10B070000CF1605113F0FE4F70471CF0006F03D1CC
:10B080000CF00041002070470CF0004343EA507080
:10B0900040EACC0010B500F00EF800BF00000092AE
:10B0A0004FEA0001FFF7E8BE4FF00041A1F5002193
:10B0B0004FF0000070470EF1020E2EF0030E5EF806
:10B0C000044B244204D44FEA4102B2F17F4F11D81D
:10B0D0004FEA4003B3F17F4F0CD80ED14FEAD07C3A
:10B0E0000CEB4C0C0CF1020CB2F17F4F08BF4CEB97
:10B0F000D17C04E04FF0080C01E04FEAD17C0CEB6E
:10B100004C0324FA03F404F00704B4F1040C06D24F
:10B110000EEB840CBDE810404CF0010C6047DFE8FA
:10B120000CF0070802024FF00040A0F5800010BDAF
:10B130000846420018BFD2F1807288BF00F000407C
:10B1400010BDF1EE100A4FF6FF71C0F2C03120EAD7
:10B15000010040F04070E1EE100A70474FF07F4C64
:10B160003CEA410318BF3CEA400200F062804FF421
:10B170007F0C0CEAD11310F0004F18BF43F0050309
:10B180001CEAD01218BF13EA0C0F00F057804FF0E2
:10B19000004C4CEA00204CEA0121A3F580339A428E
:10B1A00010DD23F00203B0F1004F06D343F0020399
:10B1B000401ABCBF404283F001034FEA4000A2F5B1
:10B1C0008032ECE74FEA224CBCEB234F08DB88428D
:10B1D00006D31CD0A0EB4100C0F1000083F00103B6
:10B1E00040001DD217D40DD0B0FA80FC0CF1010C38
:10B1F00000FA0CF0A2EB0C42D2F1000C12DB4FEA89
:10B20000C37070474FEA437000F00040704713F07E
:10B21000020FE5D0DEE74FEA4000B2F58032EBDD09
:10B22000002AE9DD4FEAC21242EA502040EAC37028
:10B23000704710B5FFF73FFFEDFFFF3E1CEAD11F3F
:10B2400002D000F000407047004870470000C07F07
:10B25000FF2141EAD050C0057047F5F7D3BDF5F79F
:10B2600007BF000000000000000000003031323352
:10B27000343536373839414243444546403058002A
:10B28000303132333435363738396162636465665C
:10B2900040307800040000080000000000000002B8
:10B2A0000001000010000000000000006E83F9A201
:10B2B0002915444ED15727FCC0DD34F5999562DB42
:10B2C0004190433CAB6351FE303132333435363735
:10B2D00038396162636465667870003031323334C6
:10B2E000353637383941424344454658500000000E
:10B2F00002400000000000A0000000000540000027
:10B30000000000C8000000000C4000000000409C4D
:10B3100000000000194000000020BCBE000000003A
:10B3200034400000BFC91B8E00000004B54000007F
:10B33000504BCFD06607E2CF010000006C41000007
:10B340003E8251AADFEEA73401000000D94200007E
:10B35000DCB5A0E23A301F97FFFFFFFFB4450000C5
:10B36000FD25A0C8E9A3C14FFFFFFFFFFF3F00007D
:10B370000000008000000000FF3F0000000000808F
:10B38000000000000020002000400020008000207D
:10B390000020000000000000000001020304060776
:10B3A00008094572726F725F48616E646C65720D58
:10B3B0000A0057414954494E4700425554544F4E94
:10B3C000315F4C4F4E475F505245535300425554E6
:10B3D000544F4E325F4C4F4E475F505245535300CF
:10B3E000425554544F4E335F4C4F4E475F50524579
:10B3F000535300425554544F4E345F4C4F4E475FA9
:10B40000505245535300425554544F4E315F5348A8
:10B410004F52545F505245535300425554544F4E6F
:10B42000325F53484F52545F505245535300425578
:10B4300054544F4E335F53484F52545F505245530C
:10B440005300425554544F4E345F53484F52545F4B
:10B45000505245535300416464204B657920457236
:10B46000726F720D0A000000B8B5000800000020DD
:10B47000B00100003C020008A0B60008B0010020A6
:10B48000002C00009C0200081C000000430000008B
:10B49000F8FFFFFF0C0000000E0000000F0000008E
:10B4A0002E0000001001000043000000F8FFFFFF25
:10B4B00000404040404040404040414141414140C7
:10B4C000404040404040404040404040404040407C
:10B4D000400502020202020202020202020202020B
:10B4E0000220202020202020202020020202020210
:10B4F0000202909090909090101010101010101068
:10B500001010101010101010101010100202020273
:10B5100002028888888888880808080808080808B7
:10B5200008080808080808080808080802020202B3
:10B5300040000000000000000000000000000000CB
:10B5400000000000000000000000000000000000FB
:10B5500000000000000000000000000000000000EB
:10B5600000000000000000000000000000000000DB
:10B5700000000000000000000000000000000000CB
:10B5800000000000000000000000000000000000BB
:10B5900000000000000000000000000000000000AB
:10B5A000000000000000000000000000000000009B
:10B5B00000000000000000003210320113996E14E8
:10B5C00008D96F1B08E9041315701B088104139533
:10B5D0006D1B08B110511324F41A190C1A55284B7D
:10B5E0001D72141AA90C1AB9241A2908C11AF910C3
:10B5F0001AE9041A09302AD9081302431302011D5B
:10B60000C03209046D1A020B13052416100105241B
:10B61000011009010424020205240617010705820E
:10B620000308151009040133020A2E070501024020
:10B63000072A810711093744113A02441907111AE0
:10B6400012171302021E40830440574D1B0203F9D8
:10B650002B0A061A111A400B112B0907640A3B0426
:10B66000A8139D191B0899041A95041AC9041AE510
:10B6700004071A040309041A0313B2B3140806B426
:10B680001B08BA081A1A081ACD081A2E081AE00858
:10B690001A42081AF3084517B75139000000000094
:04000005080001D915
:00000001FF
